Entity	Code	Year	Cantril ladder score	"GDP per capita, PPP (constant 2017 international $)"	Population (historical estimates)	"Homicide rate per 100,000 population - Both sexes - All ages"
Afghanistan	AFG	2011	4.25835	1961.0963	29249156	4.208668
Afghanistan	AFG	2012		2122.8308	30466484	6.393913
Afghanistan	AFG	2015	3.36	2108.714	33753500	9.975262
Afghanistan	AFG	2016	3.794	2101.422	34636212	6.6924186
Afghanistan	AFG	2017	3.6315	2096.093	35643420	6.8006945
Afghanistan	AFG	2018	3.2033	2060.699	36686788	6.7435727
Afghanistan	AFG	2019	2.5669	2079.9219	37769496	7.180397
Afghanistan	AFG	2020	2.5229	1968.341	38972236	6.594439
Afghanistan	AFG	2021	2.4038	1516.3057	40099460	4.0224977
Albania	ALB	2011	5.133704	11054.788	2900660	4.8954477
Albania	ALB	2012		11229.992	2892191	5.4284067
Albania	ALB	2013		11363.318	2887019	4.2950954
Albania	ALB	2014	4.959	11588.925	2884100	4.64616
Albania	ALB	2015	4.655	11880.598	2882482	2.22031
Albania	ALB	2016	4.644	12294.077	2881064	2.7420435
Albania	ALB	2017	4.586	12773.269	2879361	2.01434
Albania	ALB	2018	4.7186	13319.495	2877019	2.294046
Albania	ALB	2019	4.8827	13655.665	2873883	2.2617478
Albania	ALB	2020	5.1174	13256.125	2866850	2.127772
Albania	ALB	2021	5.1988	14518.906	2854710	2.3119686
Algeria	DZA	2011	5.367827	11113.969	36543548	0.76620924
Algeria	DZA	2012		11270.701	37260568	1.4036288
Algeria	DZA	2013		11360.638	38000628	1.2631371
Algeria	DZA	2014	5.605	11561.26	38760168	1.4886416
Algeria	DZA	2015	6.355	11751.634	39543148	1.38077
Algeria	DZA	2016	5.872	11888.323	40339328	1.343602
Algeria	DZA	2017	5.2946	11809.483	41136548	1.2738065
Algeria	DZA	2018	5.2113	11725.878	41927008	1.3547354
Algeria	DZA	2019	5.0051	11627.28	42705372	1.2153039
Algeria	DZA	2020	4.8871	10844.7705	43451668	1.5051206
Algeria	DZA	2021	5.1223	11039.806	44177964	1.5731823
American Samoa	ASM	2011			54334	9.206408
American Samoa	ASM	2012			53718	3.7249844
American Samoa	ASM	2013			53017	5.6609116
American Samoa	ASM	2014			52234	5.7453103
American Samoa	ASM	2015			51391	7.786949
American Samoa	ASM	2016			50468	0
American Samoa	ASM	2017			49486	14.151993
American Samoa	ASM	2018			48445	26.846191
American Samoa	ASM	2019			47341	0
Andorra	AND	2011			70587	1.4170829
Andorra	AND	2012			71035	0
Andorra	AND	2013			71385	0
Andorra	AND	2014			71644	0
Andorra	AND	2015			71766	0
Andorra	AND	2020			77723	2.5740025
Angola	AGO	2011	4.17838	7664.44	24259120	4.3488812
Angola	AGO	2012		8012.101	25188298	4.8316097
Angola	AGO	2015	3.866	7967.104	28127724	4.4582353
Angola	AGO	2016	3.795	7488.1387	29154742	4.102248
Anguilla	AIA	2011			13363	0
Anguilla	AIA	2012			13479	37.160908
Anguilla	AIA	2013			13727	7.29927
Anguilla	AIA	2014			14143	28.327608
Antigua and Barbuda	ATG	2012		18526.39	87688	11.40589
Antigua and Barbuda	ATG	2017		20777.875	91133	21.94932
Antigua and Barbuda	ATG	2018		22085.262	91644	13.09679
Antigua and Barbuda	ATG	2019		23035.658	92127	3.2567456
Antigua and Barbuda	ATG	2020		18275.69	92672	9.71251
Antigua and Barbuda	ATG	2021		19124.43	93229	17.163792
Argentina	ARG	2011	6.242357	24647.629	41520736	6.0475802
Argentina	ARG	2012		24118.867	41952364	6.3119206
Argentina	ARG	2013		24424.137	42388268	7.247288
Argentina	ARG	2014	6.574	23550.1	42824064	7.53782
Argentina	ARG	2015	6.65	23933.887	43257064	6.558466
Argentina	ARG	2016	6.599	23189.527	43668236	6.011234
Argentina	ARG	2017	6.388	23597.117	44054616	5.259381
Argentina	ARG	2018	6.0863	22747.242	44413592	5.367726
Argentina	ARG	2019	5.9747	22071.748	44745516	5.155823
Argentina	ARG	2020	5.9293	19685.217	45036032	5.3668137
Argentina	ARG	2021	5.967	21527.195	45276788	4.6226788
Armenia	ARM	2011	4.473529	9551.158	2928984	2.4240553
Armenia	ARM	2012		10289.976	2914428	2.2302885
Armenia	ARM	2013		10677.304	2901386	2.1713772
Armenia	ARM	2014	4.35	11105.532	2889937	2.4914103
Armenia	ARM	2015	4.36	11506.039	2878598	2.6054382
Armenia	ARM	2016	4.376	11580.384	2865841	3.0357645
Armenia	ARM	2017	4.3206	12509.64	2851929	2.4544842
Armenia	ARM	2018	4.5594	13231.431	2836563	1.7627003
Armenia	ARM	2019	4.6768	14317.553	2820604	2.5881004
Armenia	ARM	2020	5.2826	13357.697	2805610	1.8534304
Armenia	ARM	2021	5.3986	14193.117	2790971	2.1856172
Aruba	ABW	2011		34446.855	101304	1.9745675
Aruba	ABW	2012		33815.11	102126	3.9172864
Aruba	ABW	2013		35720.7	102891	5.8320374
Aruba	ABW	2014		35467.234	103607	1.9306138
Australia	AUS	2011	7.344625	45405.367	22357032	1.1092706
Australia	AUS	2012		46360.605	22729272	1.0691061
Australia	AUS	2013		46744.625	23111788	1.0600654
Australia	AUS	2014	7.284	47240.273	23469578	1.0353829
Australia	AUS	2015	7.313	47567.68	23820240	0.99075425
Australia	AUS	2016	7.284	48109.203	24195706	0.9381832
Australia	AUS	2017	7.2721	48400.246	24590336	0.84586084
Australia	AUS	2018	7.228	49052.816	24979228	0.88473505
Australia	AUS	2019	7.2228	49379.094	25357168	0.887323
Australia	AUS	2020	7.1835	48747.85	25670052	0.86092544
Australia	AUS	2021	7.1621	49774.34	25921094	0.74456745
Austria	AUT	2011	7.227316	53179.15	8391201	0.91762805
Austria	AUT	2012		53297.445	8429641	0.96089554
Austria	AUT	2013		52997.754	8479542	0.7193787
Austria	AUT	2014	7.2	52932.9	8546066	0.4914542
Austria	AUT	2015	7.119	52873.86	8642422	0.5091166
Austria	AUT	2016	7.006	53345.742	8736491	0.6180974
Austria	AUT	2017	7.1394	54172.99	8797497	0.79568094
Austria	AUT	2018	7.246	55217.285	8840518	0.9727943
Austria	AUT	2019	7.2942	55806.438	8879939	0.867123
Austria	AUT	2020	7.2678	51988.414	8907780	0.72969943
Austria	AUT	2021	7.163	54121.145	8922086	0.7285295
Azerbaijan	AZE	2011	4.581938	13913.837	9359018	2.2545109
Azerbaijan	AZE	2012		14027.469	9485577	2.129549
Azerbaijan	AZE	2013		14651.694	9614478	2.2986166
Azerbaijan	AZE	2014	5.212	14867.943	9741879	2.4225302
Azerbaijan	AZE	2015	5.291	14852.611	9863485	2.1392045
Azerbaijan	AZE	2016	5.234	14232.192	9976254	1.6940236
Azerbaijan	AZE	2017	5.2006	14121.407	10071569	1.8070674
Azerbaijan	AZE	2018	5.2077	14209.593	10152524	1.9404047
Azerbaijan	AZE	2019	5.1648	14442.041	10232761	1.6417869
Azerbaijan	AZE	2020	5.1708	13726.77	10284952	2.236277
Azerbaijan	AZE	2021	5.1734	14431.661	10312992	1.9102119
Bahamas	BHS	2011		34468.887	377956	33.60233
Bahamas	BHS	2012		35150.562	382073	28.791214
Bahamas	BHS	2013		33826.34	385660	30.856995
Bahamas	BHS	2014		34143.03	389137	31.35191
Bahamas	BHS	2015		34170.23	392707	37.178745
Bahamas	BHS	2016		33596.637	395986	28.031967
Bahamas	BHS	2017		34357.27	399027	30.57491
Bahamas	BHS	2018		34735.125	401911	22.642082
Bahamas	BHS	2019		35161.832	404563	23.482475
Bahamas	BHS	2020		26659.238	406478	17.959438
Bahamas	BHS	2021		30210.162	407920	29.173424
Bahrain	BHR	2011	5.567952	46564.71	1212086	0.99003613
Bahrain	BHR	2012		47793.53	1224948	0.7347302
Bahrain	BHR	2013		48915.53	1261683	0.87185824
Bahrain	BHR	2014	5.96	49117.99	1311142	0.6864284
Bahrain	BHR	2015	6.218	48453.727	1362157	0.22024135
Bahrain	BHR	2016	6.087	48486.305	1409668	0.28375617
Bahrain	BHR	2017	6.1051	48929.445	1456844	0.411852
Bahrain	BHR	2018	6.1994	48937.66	1487346	0.33617073
Bahrain	BHR	2019	6.2273	49768.977	1494195	0.26770383
Bahrain	BHR	2020	6.6469	47847.84	1477478	0
Bahrain	BHR	2021	6.6469	49387.418	1463266	0.068340294
Bangladesh	BGD	2011	4.807098	3571.0586	150211008	2.640286
Bangladesh	BGD	2012		3756.932	152090656	2.7049658
Bangladesh	BGD	2013		3932.7083	154030144	2.8520393
Bangladesh	BGD	2014	4.694	4119.425	155961312	2.8943079
Bangladesh	BGD	2015	4.643	4337.3857	157830000	2.556548
Bangladesh	BGD	2016	4.608	4589.0938	159784576	2.247401
Bangladesh	BGD	2017	4.5004	4830.776	161793968	2.1935306
Bangladesh	BGD	2018	4.4558	5124.4985	163683952	2.339875
Barbados	BRB	2011		15864.572	275501	9.800843
Barbados	BRB	2012		15755.267	276207	7.965315
Barbados	BRB	2013		15489.761	276873	8.668485
Barbados	BRB	2014		15441.22	277501	9.009236
Barbados	BRB	2015		15789.451	278095	11.147751
Barbados	BRB	2016		16156.518	278660	7.8952374
Barbados	BRB	2017		16198.962	279199	10.745486
Barbados	BRB	2018		16003.857	279702	10.011137
Barbados	BRB	2019		15954.803	280193	17.131874
Barbados	BRB	2020		13805.777	280704	14.606706
Barbados	BRB	2021		13754.803	281204	11.379821
Belarus	BLR	2011	5.566307	18274.021	9706983	3.842595
Belarus	BLR	2012		18611.455	9693754	3.5074148
Belarus	BLR	2013		18805.432	9691143	3.4361296
Belarus	BLR	2014	5.813	19119.346	9693741	3.5074184
Belarus	BLR	2015	5.802	18362.746	9700609	3.3606138
Belarus	BLR	2016	5.569	17883.127	9708111	3.1623044
Belarus	BLR	2017	5.4833	18356.102	9707874	2.4722195
Belarus	BLR	2018	5.3225	18974.7	9695573	2.3309605
Belarus	BLR	2019	5.5399	19279.209	9673971	2.3258288
Belgium	BEL	2021	6.805	51739.54	11611416	1.0765264
Belize	BLZ	2011	6.450644	8776.863	329546	37.628494
Belize	BLZ	2012		8912.105	337067	43.019176
Belize	BLZ	2013		9109.572	344695	28.721668
Belize	BLZ	2014		9276.317	352343	34.909958
Belize	BLZ	2015	5.956	9387.914	359884	33.067406
Belize	BLZ	2016	5.956	9208.114	367327	37.57019
Belize	BLZ	2017	5.9556	8873.754	374702	37.89764
Belize	BLZ	2018		8798.538	382076	37.42809
Belize	BLZ	2019		9028.552	389103	34.43889
Belize	BLZ	2020		7703.118	394931	25.827984
Belize	BLZ	2021		8762.623	400037	31.247578
Bermuda	BMU	2011		85829.375	63554	12.591882
Bermuda	BMU	2012		80982.37	63581	9.439825
Bermuda	BMU	2013		80503.65	63527	7.873272
Bermuda	BMU	2014		77361.1	63375	6.3136296
Bermuda	BMU	2015		77842.75	63165	6.334727
Bermuda	BMU	2016		78149.35	63090	12.684721
Bermuda	BMU	2017		81834.95	63295	7.902015
Bermuda	BMU	2019		81681.73	63833	0
Bermuda	BMU	2020		76117.805	64051	10.93229
Bermuda	BMU	2021		80271.13	64213	10.905975
Bhutan	BTN	2011		8499.3545	713338	4.485999
Bhutan	BTN	2012		8837.576	721154	4.576053
Bhutan	BTN	2013		8929.046	728898	3.2926848
Bhutan	BTN	2015	5.196	9877.247	743284	1.6144786
Bhutan	BTN	2016	5.011	10587.57	749764	1.2003818
Bhutan	BTN	2017	5.0821	10986.888	756130	1.7193004
Bhutan	BTN	2018	5.0821	11233.78	762104	1.1809528
Bhutan	BTN	2019		11797.284	767467	1.042401
Bhutan	BTN	2020		10547.052	772512	2.4595277
Bolivia	BOL	2015	5.822	7825.7666	11090090	4.896265
Bolivia	BOL	2016	5.823	8034.173	11263016	5.7000723
Bolivia	BOL	2017	5.7519	8244.934	11435535	6.5322704
Bolivia	BOL	2018	5.7793	8466.293	11606906	4.945332
Bolivia	BOL	2019	5.7475	8528.749	11777318	4.2199774
Bolivia	BOL	2020	5.7159	7679.933	11936169	3.4935853
Bolivia	BOL	2021	5.6003	8052.1772	12079474	3.4935303
Bosnia and Herzegovina	BIH	2011	4.857435	10934.089	3743143	1.362492
Bosnia and Herzegovina	BIH	2012		11047.185	3674376	1.7145778
Bosnia and Herzegovina	BIH	2013		11484.3545	3617564	1.2715758
Bosnia and Herzegovina	BIH	2014	4.949	11768.1045	3571070	1.4001416
Bosnia and Herzegovina	BIH	2015	5.163	12292.545	3524328	1.6173314
Bosnia and Herzegovina	BIH	2016	5.182	12837.599	3480985	1.2927371
Bosnia and Herzegovina	BIH	2017	5.1294	13402.434	3440025	1.2209207
Bosnia and Herzegovina	BIH	2018	5.3865	14066.845	3400132	1.1470153
Bosnia and Herzegovina	BIH	2019	5.6741	14634.738	3360718	1.2497354
Bosnia and Herzegovina	BIH	2020	5.8131	14358.987	3318410	1.2958022
Bosnia and Herzegovina	BIH	2021	5.768	15666.54	3270948	0.9783111
Botswana	BWA	2020	3.4665	13545.674	2546404	8.678912
Botswana	BWA	2021	3.4711	14840.913	2588424	10.546963
Brazil	BRA	2011	6.697499	15271.47	198185296	26.355639
Brazil	BRA	2012		15425.353	199977712	28.197144
Brazil	BRA	2013		15751.484	201721776	28.179903
Brazil	BRA	2014	6.983	15695.644	203459648	29.358646
Brazil	BRA	2015	6.952	15011.577	205188208	28.356405
Brazil	BRA	2016	6.635	14402.494	206859584	29.589155
Brazil	BRA	2017	6.4189	14477.861	208504960	30.593037
Brazil	BRA	2018	6.2998	14619.591	210166592	26.636013
Brazil	BRA	2019	6.3756	14685.128	211782880	20.810465
Brazil	BRA	2020	6.3301	14021.958	213196304	22.384066
Brunei	BRN	2011		68037.52	401515	0.24906228
Brunei	BRN	2012		67792.76	406637	0.98368555
Brunei	BRN	2013		65534.684	411704	0.48578766
Bulgaria	BGR	2011	3.889474	18664.834	7543128	1.6969084
Bulgaria	BGR	2012		18914.984	7488347	1.8829263
Bulgaria	BGR	2013		18914.525	7431169	1.4667951
Bulgaria	BGR	2014	4.218	19206.262	7372142	1.5192329
Bulgaria	BGR	2015	4.217	19991.818	7309255	1.7238423
Bulgaria	BGR	2016	4.714	20744.523	7245982	1.0902605
Bulgaria	BGR	2017	4.9331	21473.805	7182430	1.4340553
Bulgaria	BGR	2018	5.011	22210.123	7117424	1.2926013
Bulgaria	BGR	2019	5.1015	23270.225	7052536	1.1768823
Bulgaria	BGR	2020	5.2655	22483.598	6979181	0.9886556
Bulgaria	BGR	2021	5.3709	24398.13	6885864	1.2779799
Burundi	BDI	2012		814.3208	9795479	5.1043954
Burundi	BDI	2013		824.61053	10149583	5.123366
Burundi	BDI	2014	2.905	831.29486	10494920	5.3740325
Burundi	BDI	2015	2.905	781.5793	10727153	4.2975073
Burundi	BDI	2016	2.905	764.3366	10903329	5.82391
Cambodia	KHM	2011	4.100715	2856.5308	14573894	1.8389057
Cameroon	CMR	2011	4.375735	3314.8982	20448880	4.0833545
Cameroon	CMR	2012		3371.9756	21032684	4.1839643
Cameroon	CMR	2015	4.513	3614.7556	23012650	3.741421
Cameroon	CMR	2016	4.695	3667.3228	23711626	3.3190465
Cameroon	CMR	2017	4.9753	3691.0947	24393182	4.1159043
Cameroon	CMR	2020	5.1418	3665.5105	26491090	4.5373755
Canada	CAN	2011	7.499089	45822.598	34323536	1.774293
Canada	CAN	2012		46126.516	34691876	1.582503
Canada	CAN	2013		46704.76	35063696	1.4516441
Canada	CAN	2014	7.427	47564.61	35404616	1.4828578
Canada	CAN	2015	7.404	47522.14	35732120	1.7099458
Canada	CAN	2016	7.316	47457.586	36113532	1.7057317
Canada	CAN	2017	7.3285	48317.176	36554344	1.8192091
Canada	CAN	2018	7.2781	48962.48	37035260	1.7874861
Canada	CAN	2019	7.2321	49171.51	37522584	1.8362274
Canada	CAN	2020	7.1033	46064.254	37888704	2.0032356
Canada	CAN	2021	7.0251	47892.945	38155012	2.0652595
Cape Verde	CPV	2013		5993.119	539949	10.001111
Cape Verde	CPV	2014		5961.996	546083	11.903105
Cape Verde	CPV	2015		5955.607	552169	8.330828
Cape Verde	CPV	2016		6166.314	558399	11.103261
Cape Verde	CPV	2017		6320.3423	564959	6.7262115
Cape Verde	CPV	2018		6534.4604	571209	5.4271564
Cape Verde	CPV	2019		6835.0786	577037	5.718935
Cape Verde	CPV	2020		5768.5386	582646	6.1787724
Cayman Islands	CYM	2013		67537.55	58232	8.589294
Cayman Islands	CYM	2014		67762.36	59580	8.394966
Cayman Islands	CYM	2017		69534.77	63601	4.718391
Cayman Islands	CYM	2018		71046.02	64904	10.788484
Cayman Islands	CYM	2019		72402.836	66152	3.024163
Cayman Islands	CYM	2020		67093.41	67327	4.456957
Chile	CHL	2011	6.12797	22323.723	17173568	3.7033644
Chile	CHL	2012		23467.979	17341770	2.5026278
Chile	CHL	2013		24011.592	17509926	3.175342
Chile	CHL	2014	6.67	24197.184	17687108	2.4763799
Chile	CHL	2015	6.705	24464.746	17870122	2.3446956
Chile	CHL	2016	6.652	24599.375	18083880	3.428468
Chile	CHL	2017	6.4762	24546.912	18368582	4.240938
Chile	CHL	2018	6.444	25071.99	18701452	4.4114227
Chile	CHL	2019	6.2285	24816.611	19039484	3.9444344
Chile	CHL	2020	6.1719	23017.69	19300318	4.797849
Chile	CHL	2021	6.1718	25449.13	19493184	3.6320386
China	CHN	2011	4.679718	9680.098	1357095424	0.8853467
China	CHN	2012		10370.727	1366560768	0.82586884
China	CHN	2013		11101.938	1376100352	0.77319944
China	CHN	2014	5.14	11851.404	1385189632	0.72791475
China	CHN	2015	5.245	12612.352	1393715456	0.66010606
China	CHN	2016	5.273	13399.138	1401889664	0.615883
China	CHN	2017	5.2458	14243.532	1410275968	0.5665558
China	CHN	2018	5.1909	15133.996	1417069440	0.53102547
China	CHN	2019	5.1239	15977.764	1421864064	0.5189666
China	CHN	2020	5.3391	16296.779	1424929792	0.50227034
Colombia	COL	2011	6.202322	12578.016	45308896	35.59345
Colombia	COL	2012		12934.966	45782420	35.90898
Colombia	COL	2013		13465.075	46237928	33.35357
Colombia	COL	2014	6.477	13938.231	46677944	28.585234
Colombia	COL	2015	6.481	14215.688	47119728	27.128765
Colombia	COL	2016	6.357	14358.168	47625960	26.040422
Colombia	COL	2017	6.2601	14334.915	48351668	25.434488
Colombia	COL	2018	6.1248	14426.435	49276968	26.231325
Colombia	COL	2019	6.1634	14616.135	50187404	25.753473
Colombia	COL	2020	6.0124	13387.701	50930656	24.242764
Colombia	COL	2021	5.7806	14648.592	51516560	27.484365
Cook Islands	COK	2012			18029	3.489514
Costa Rica	CRI	2011	7.251115	17186.45	4679927	10.128365
Costa Rica	CRI	2012		17809.941	4736593	8.592673
Costa Rica	CRI	2013		18044.945	4791541	8.577627
Costa Rica	CRI	2014	7.226	18480.652	4844293	9.846647
Costa Rica	CRI	2015	7.087	18956.191	4895241	11.378396
Costa Rica	CRI	2016	7.079	19553.6	4945205	11.688089
Costa Rica	CRI	2017	7.0717	20168.22	4993849	12.074873
Costa Rica	CRI	2018	7.1674	20503.277	5040738	11.605453
Costa Rica	CRI	2019	7.1214	20818.062	5084527	11.0728
Costa Rica	CRI	2020	7.0694	19824.348	5123107	11.126065
Costa Rica	CRI	2021	6.582	21199.281	5153959	11.40871
Croatia	HRV	2011	5.622628	24654.197	4351838	1.1259601
Croatia	HRV	2012		24153.059	4331592	1.1773956
Croatia	HRV	2013		24124.064	4308854	1.0675694
Croatia	HRV	2014	5.759	24118.531	4283968	0.8403416
Croatia	HRV	2015	5.488	24931.486	4254821	0.86960304
Croatia	HRV	2016	5.293	25999.834	4223748	1.041728
Croatia	HRV	2017	5.3212	27211.824	4192468	1.0972061
Croatia	HRV	2018	5.4318	28225.002	4160488	0.57685584
Croatia	HRV	2019	5.5047	29352.79	4129749	0.79907954
Croatia	HRV	2020	5.8817	26950.719	4096872	0.97635525
Croatia	HRV	2021	6.1252	31635.824	4060139	0.81278074
Cuba	CUB	2011	5.417868		11298713	4.726203
Cuba	CUB	2012			11309292	5.4910607
Cuba	CUB	2013			11321583	5.953233
Cuba	CUB	2014			11332030	5.2947283
Cuba	CUB	2015			11339888	5.458605
Cuba	CUB	2016			11342012	5.043197
Cuba	CUB	2017			11336405	4.5517077
Cuba	CUB	2018			11328243	4.334299
Cuba	CUB	2019			11316699	4.4182506
Cyprus	CYP	2011	6.416459	37593.93	1145090	0.7859672
Cyprus	CYP	2012		35749.05	1156556	1.9021984
Cyprus	CYP	2013		33471.805	1166972	1.0283054
Cyprus	CYP	2014	5.689	33241.19	1176997	0.9345834
Cyprus	CYP	2015	5.546	34573.973	1187286	1.263392
Cyprus	CYP	2016	5.621	36678.098	1197889	1.0852493
Cyprus	CYP	2017	5.7625	38421.97	1208527	0.5792194
Cyprus	CYP	2018	6.0458	40099.836	1218834	1.2306874
Cyprus	CYP	2019	6.159	41746.918	1228840	1.2206669
Cyprus	CYP	2020	6.2235	39471.582	1237540	1.212085
Cyprus	CYP	2021	6.2209	41701.703	1244193	1.2859793
Czechia	CZE	2011	6.35963	34002.19	10496379	0.8193302
Czechia	CZE	2012		33688.1	10511065	0.9989473
Czechia	CZE	2013		33661.47	10514547	0.85595655
Czechia	CZE	2014	6.505	34386.703	10517178	0.7701683
Czechia	CZE	2015	6.596	36168.418	10523801	0.83620006
Czechia	CZE	2016	6.609	37014.96	10527584	0.6174252
Czechia	CZE	2017	6.7109	38824.887	10531315	0.62670296
Czechia	CZE	2019	6.9109	40989.727	10536876	0.9205769
Czechia	CZE	2020	6.9647	38639.98	10530951	0.73117787
Czechia	CZE	2021	6.9198	40740.992	10510748	0.44716123
Denmark	DNK	2011	7.85574	51293.207	5576016	0.8249618
Denmark	DNK	2012		51216.31	5600955	0.83914196
Denmark	DNK	2013		51479.266	5625393	0.853275
Denmark	DNK	2014	7.527	52048.336	5650654	1.3095833
Denmark	DNK	2015	7.526	52892.645	5677795	1.0919731
Denmark	DNK	2016	7.522	54185.008	5706856	0.9812757
Denmark	DNK	2017	7.5553	55356.68	5737286	1.2375193
Denmark	DNK	2018	7.6001	56178.773	5766689	1.005777
Denmark	DNK	2019	7.6456	56813.965	5795879	1.1387403
Denmark	DNK	2020	7.6195	55518.598	5825638	0.9441021
Denmark	DNK	2021	7.6362	57962.652	5854246	0.80283684
Dominica	DMA	2011		12309.862	68758	8.728289
Dominica	DMA	2014		12516.384	69388	12.973721
Dominica	DMA	2015		12063.8955	70027	12.855949
Dominica	DMA	2016		12385.27	70098	22.83268
Dominica	DMA	2017		11511.606	70422	26.987486
Dominica	DMA	2018		11849.302	70840	18.35575
Dominica	DMA	2019		12395.421	71446	18.200146
Dominica	DMA	2020		10255.761	72011	20.834925
Dominica	DMA	2021		10878.037	72435	13.809771
Dominican Republic	DOM	2011	5.036006	12905.289	9903743	25.37426
Dominican Republic	DOM	2012		13087.949	10030885	22.610174
Dominican Republic	DOM	2013		13555.512	10157054	19.474157
Dominican Republic	DOM	2014	4.885	14334.733	10282116	17.603382
Dominican Republic	DOM	2016	5.23	15967.202	10527589	15.35014
Dominican Republic	DOM	2017	5.3018	16524.533	10647247	11.420795
Dominican Republic	DOM	2018	5.4253	17484.121	10765532	9.920551
Dominican Republic	DOM	2019	5.6892	18171.06	10881886	9.428515
Dominican Republic	DOM	2020	5.5451	16768.426	10999668	8.73663
Dominican Republic	DOM	2021	5.7372	18626.078	11117873	10.541584
East Timor	TLS	2015		3228.675	1205822	4.063648
Ecuador	ECU	2011	5.424841	10988.722	15237734	15.376308
Ecuador	ECU	2012		11424.152	15483884	12.412907
Ecuador	ECU	2013		11806.924	15722988	10.971196
Ecuador	ECU	2014	5.975	12073.811	15957995	8.209052
Ecuador	ECU	2015	5.976	11908.216	16195904	6.4831214
Ecuador	ECU	2016	6.008	11587.825	16439588	5.8334804
Ecuador	ECU	2017	5.9732	11679.431	16696947	5.8094463
Ecuador	ECU	2018	6.0276	11608.419	17015672	5.841674
Ecuador	ECU	2019	5.9252	11390.217	17343742	6.843968
Ecuador	ECU	2020	5.764	10356.975	17588596	7.800509
Ecuador	ECU	2021	5.5333	10668.758	17797736	14.024255
Egypt	EGY	2011	4.8534	9762.974	89200056	3.0302672
Egypt	EGY	2012		9757.137	91240384	2.4188852
Egypt	EGY	2014	4.194	9793.955	95592328	3.0232553
Egypt	EGY	2015	4.362	9999.19	97723792	1.750853
Egypt	EGY	2016	4.735	10218.394	99784032	1.5353159
Egypt	EGY	2017	4.4192	10435.917	101789384	1.3360921
El Salvador	SLV	2011	5.955841	7665.948	6137354	71.21968
El Salvador	SLV	2012		7851.7017	6161293	42.10158
El Salvador	SLV	2013		7995.633	6185641	40.62634
El Salvador	SLV	2014	6.13	8100.975	6209528	63.144913
El Salvador	SLV	2015	6.068	8266.723	6231072	106.8196
El Salvador	SLV	2016	6.003	8450.251	6250513	84.40911
El Salvador	SLV	2017	6.1668	8617.922	6266661	63.223526
El Salvador	SLV	2018	6.2531	8812.201	6276340	53.311302
El Salvador	SLV	2019	6.3483	9021.426	6280222	38.183395
El Salvador	SLV	2020	6.0605	8267.251	6292734	21.310303
El Salvador	SLV	2021	6.12	9086.047	6314165	18.165499
Eritrea	ERI	2012			3252600	14.572975
Estonia	EST	2011	5.329978	27990.137	1327435	4.8966837
Estonia	EST	2012		28997.322	1322682	4.7630496
Estonia	EST	2013		29525.12	1317985	3.9454272
Estonia	EST	2014	5.429	30494.096	1314531	3.118995
Estonia	EST	2015	5.517	31038.805	1314658	3.4229474
Estonia	EST	2016	5.611	32008.934	1315928	2.5077407
Estonia	EST	2017	5.7392	33821.934	1317550	2.2010574
Estonia	EST	2018	5.8935	34979.867	1322146	2.1177669
Estonia	EST	2019	6.0218	36153.434	1327039	1.9592499
Estonia	EST	2020	6.1888	35883.266	1329449	3.1592155
Estonia	EST	2021	6.3408	38717.695	1328704	1.9567984
Eswatini	SWZ	2011		7347.2046	1105379	15.560379
Eswatini	SWZ	2012		7701.394	1111453	9.357197
Eswatini	SWZ	2013		7949.588	1118329	9.120832
Eswatini	SWZ	2014	4.867	7969.2075	1125872	10.48083
Eswatini	SWZ	2015		8088.7344	1133941	9.877101
Eswatini	SWZ	2016		8113.2397	1142529	10.15296
Eswatini	SWZ	2017		8213.921	1151397	11.290696
Eswatini	SWZ	2021	4.3961	8856.829	1192273	12.664906
Ethiopia	ETH	2012		1411.136	94451280	8.631964
Fiji	FJI	2011		10254.358	908359	2.2017837
Fiji	FJI	2012		10368.216	911067	2.1952474
Fiji	FJI	2013		10830.61	913467	2.0800195
Fiji	FJI	2014		11411.184	915576	2.1844554
Fiji	FJI	2020		10966.925	920430	2.1729164
Finland	FIN	2011	7.579009	46825.824	5388173	2.041511
Finland	FIN	2012		45952.246	5413865	1.6439292
Finland	FIN	2013		45328.574	5438873	1.6363689
Finland	FIN	2014	7.406	44976.777	5461436	1.6112968
Finland	FIN	2015	7.413	45072.59	5479457	1.4964975
Finland	FIN	2016	7.469	46206.79	5495217	1.3466251
Finland	FIN	2017	7.6321	47570.133	5508146	1.2163817
Finland	FIN	2018	7.7689	48048.523	5515465	1.5592532
Finland	FIN	2019	7.8087	48583.434	5521539	1.466983
Finland	FIN	2020	7.8421	47443.902	5529468	1.645728
France	FRA	2011	6.746459	42862.414	62775272	1.3635943
France	FRA	2012		42789.05	63071412	1.2430353
France	FRA	2013		42813.934	63335180	1.2268063
France	FRA	2014	6.575	43021.395	63588496	1.2455084
France	FRA	2015	6.478	43345.785	63809768	1.5859641
France	FRA	2016	6.442	43705.15	63989320	1.2173907
France	FRA	2017	6.4893	44577.066	64144092	1.106883
France	FRA	2018	6.5921	45245.96	64277812	1.0827998
France	FRA	2019	6.6638	45922.793	64399760	1.1692591
France	FRA	2020	6.6899	42233.14	64480052	1.0732001
France	FRA	2021	6.6867	44993.125	64531448	1.13743
French Guiana	GUF	2018			276659	13.000024
French Guiana	GUF	2019			284088	13.300023
French Guiana	GUF	2020			290978	13.300023
Georgia	GEO	2016	4.286	12963.744	3771112	1.0341783
Georgia	GEO	2017	4.3405	13589.707	3771904	2.4125772
Georgia	GEO	2018	4.5191	14253.409	3772323	2.3592877
Georgia	GEO	2019	4.6726	14989.258	3770814	2.0420012
Germany	DEU	2011	6.572111	49757.926	81423384	0.9063736
Germany	DEU	2012		49872.45	81545568	0.8081371
Germany	DEU	2013		49954.17	81680592	0.8349597
Germany	DEU	2014	6.75	50845.527	81858824	0.87467664
Germany	DEU	2015	6.994	51159.297	82073232	0.8309653
Germany	DEU	2016	6.951	51879.67	82331432	1.1696628
Germany	DEU	2017	6.9647	53071.457	82624368	0.9839711
Germany	DEU	2018	6.985	53431.395	82896696	0.9505807
Germany	DEU	2019	7.0758	53874.316	83148144	0.7492651
Germany	DEU	2020	7.1545	51840.33	83328992	0.93844897
Germany	DEU	2021	7.0341	53179.656	83408560	0.83324784
Ghana	GHA	2011	4.704951	4128.56	26205940	1.6141378
Ghana	GHA	2012		4402.546	26858760	2.0849807
Ghana	GHA	2013		4610.028	27525586	2.001773
Ghana	GHA	2014	4.633	4628.9014	28196356	1.9257805
Ghana	GHA	2015	4.276	4616.6196	28870946	1.8184376
Ghana	GHA	2016	4.12	4662.011	29554298	1.8575976
Ghana	GHA	2017	4.657	4929.568	30222266	2.015071
Ghana	GHA	2018	4.9963	5125.2495	30870648	1.6196619
Ghana	GHA	2019	5.148	5345.9414	31522294	1.8114166
Ghana	GHA	2020	5.0884	5263.5264	32180402	1.7246522
Ghana	GHA	2021	4.872	5435.238	32833036	1.8365651
Greece	GRC	2011	6.132965	30318.404	11004730	1.6720091
Greece	GRC	2012		28322.572	10963633	1.5140965
Greece	GRC	2013		27810.912	10914501	1.4018042
Greece	GRC	2014	4.857	28129.96	10862972	0.9849978
Greece	GRC	2015	5.033	28260.387	10806644	0.86058193
Greece	GRC	2016	5.227	28239.92	10749742	0.7814141
Greece	GRC	2017	5.3579	28604.861	10692230	0.8043225
Greece	GRC	2018	5.2867	29141.174	10633275	0.93104
Greece	GRC	2019	5.515	29721.586	10574026	0.7376567
Greece	GRC	2020	5.7226	27103.541	10512232	0.7419928
Greece	GRC	2021	5.9482	29548.04	10445368	0.85205257
Greenland	GRL	2011			56310	1.7765933
Greenland	GRL	2012			56217	14.235255
Greenland	GRL	2013			56116	12.4801655
Greenland	GRL	2014			55972	7.148921
Greenland	GRL	2015			55916	7.156339
Greenland	GRL	2016			55941	5.3651905
Grenada	GRD	2011		12493.164	114933	3.4807427
Grenada	GRD	2012		12242.953	115930	12.078076
Grenada	GRD	2013		12420.148	116954	5.130639
Grenada	GRD	2014		13215.913	117986	6.7812414
Grenada	GRD	2015		13948.467	118994	5.0428853
Grenada	GRD	2016		14351.286	119973	9.169265
Grenada	GRD	2017		14869.982	120934	9.923876
Grenada	GRD	2018		15401.727	121853	9.849144
Grenada	GRD	2019		15393.791	122737	13.037437
Grenada	GRD	2020		13175.423	123672	11.321091
Grenada	GRD	2021		13688.256	124624	4.012519
Guadeloupe	GLP	2011			403153	6.6973753
Guadeloupe	GLP	2012			402988	7.692613
Guadeloupe	GLP	2013			402351	8.698958
Guadeloupe	GLP	2014			400856	5.2389064
Guadeloupe	GLP	2015			399094	9.772268
Guadeloupe	GLP	2016			397861	5.781015
Guam	GUM	2011			165662	2.4147444
Guam	GUM	2019			168632	4.151248
Guatemala	GTM	2011	6.276682	7503.675	14833458	38.298565
Guatemala	GTM	2012		7590.7554	15128307	34.075195
Guatemala	GTM	2013		7734.1177	15422663	33.42484
Guatemala	GTM	2014	6.123	7939.3745	15713744	33.429344
Guatemala	GTM	2017	6.3819	8322.217	16578718	32.78298
Guatemala	GTM	2018	6.4362	8469.115	16850176	28.895842
Guatemala	GTM	2019	6.3989	8671.703	17106338	25.645466
Guatemala	GTM	2020	6.4345	8390.223	17362716	18.960165
Guatemala	GTM	2021	6.2622	8926.7	17608484	19.990364
Guinea-Bissau	GNB	2016		1811.301	1834554	3.4885912
Guinea-Bissau	GNB	2017		1872.3093	1879835	1.1171243
Guyana	GUY	2011	5.992826	10394.143	744235	17.467718
Guyana	GUY	2012		10946.455	743970	18.68365
Guyana	GUY	2013		11293.949	747424	20.737991
Guyana	GUY	2014		11427.873	751126	19.837175
Guyana	GUY	2015		11446.764	755043	19.73429
Guyana	GUY	2016		11819.155	759097	18.706684
Guyana	GUY	2017		12193.622	763265	15.067107
Guyana	GUY	2018		12374.22	785518	14.130875
Guyana	GUY	2019		12820.489	798761	17.02654
Guyana	GUY	2020		18430.57	797207	19.69388
Guyana	GUY	2021		21925.188	804571	16.28205
Haiti	HTI	2011	3.788652	3047.2747	9954318	9.181951
Haiti	HTI	2012		3015.8586	10108541	10.219083
Haiti	HTI	2013		3099.4773	10261205	10.125515
Haiti	HTI	2014	4.518	3106.9849	10412741	9.411548
Haiti	HTI	2015	4.028	3141.0469	10563762	10.138438
Haiti	HTI	2016	3.603	3153.1763	10713845	9.595058
Haiti	HTI	2018	3.5969	3197.1414	11012427	6.746927
Haiti	HTI	2020	3.6149	2959.0894	11306804	11.32062
Haiti	HTI	2021		2870.145	11447575	13.007129
Honduras	HND	2011	5.564011	4874.8735	8622510	82.38905
Honduras	HND	2012		4978.074	8792370	81.570755
Honduras	HND	2013		5020.937	8960654	71.769295
Honduras	HND	2014	4.788	5079.7036	9127851	64.53877
Honduras	HND	2015	4.871	5180.1865	9294510	55.38756
Honduras	HND	2016	5.181	5287.253	9460798	54.435158
Honduras	HND	2017	5.504	5447.6987	9626845	40.13777
Honduras	HND	2018	5.8604	5561.2627	9792854	37.874573
Honduras	HND	2019	5.9532	5613.6606	9958832	40.94859
Honduras	HND	2020	5.9192	5028.145	10121762	35.695362
Honduras	HND	2021	6.0221	5572.177	10278346	38.245457
Hong Kong	HKG	2011	5.423889	53471.797	7175370	0.23692176
Hong Kong	HKG	2012		53783.945	7234062	0.3732344
Hong Kong	HKG	2013		55229.605	7296820	0.8496845
Hong Kong	HKG	2014	5.474	56358.043	7352180	0.36723787
Hong Kong	HKG	2015	5.458	57214.69	7399845	0.2973038
Hong Kong	HKG	2016	5.472	58098.395	7435925	0.37655023
Hong Kong	HKG	2017	5.4304	59842.215	7461508	0.32165036
Hong Kong	HKG	2018	5.4304	61055.34	7481563	0.64157784
Hong Kong	HKG	2019	5.5104	59588.52	7496121	0.32016557
Hong Kong	HKG	2020	5.4767	55888.688	7500955	0.2932959
Hong Kong	HKG	2021	5.4248	59978.15	7494580	0.30688852
Hungary	HUN	2011	4.942787	25005.287	9953247	1.4568114
Hungary	HUN	2012		24820.516	9922133	1.249732
Hungary	HUN	2013		25337.588	9894637	1.5563983
Hungary	HUN	2014	4.8	26481.166	9867906	1.4795446
Hungary	HUN	2015	5.145	27528.307	9844250	2.2449663
Hungary	HUN	2016	5.324	28217.354	9815106	2.0580525
Hungary	HUN	2017	5.62	29501.121	9788940	1.6344975
Hungary	HUN	2018	5.7583	31122.502	9776361	0.87967324
Hungary	HUN	2019	6.0004	32649.143	9771799	0.65494615
Hungary	HUN	2020	5.9916	31231.596	9750571	0.8204647
Hungary	HUN	2021	6.0859	33593.152	9709784	0.7724166
Iceland	ISL	2011	6.888284	48186.168	319308	0.93957585
Iceland	ISL	2012		48440.254	320988	0.3115464
Iceland	ISL	2013		50168.688	324036	0.30861863
Iceland	ISL	2014	7.561	50450.742	327650	0.3052098
Iceland	ISL	2015	7.501	52142.934	331068	0.9061815
Iceland	ISL	2016	7.504	54665.766	335677	0.29790765
Iceland	ISL	2017	7.4952	55638.492	343641	0.87302697
Iceland	ISL	2018	7.4936	56816.363	352951	0.8499884
Iceland	ISL	2019	7.5045	56923.17	360787	0.27718145
Iceland	ISL	2020	7.5539	52174.574	366682	1.3636277
Iceland	ISL	2021	7.5575	53586.156	370338	0.5400516
India	IND	2011	4.974501	4374.2324	1257621248	3.788104
India	IND	2012		4551.8623	1274487168	3.7252629
India	IND	2013		4780.12	1291132032	3.5533159
India	IND	2014	4.565	5071.047	1307246464	3.6225762
India	IND	2015	4.404	5411.8755	1322866560	3.3543067
India	IND	2016	4.315	5789.678	1338636288	3.1614263
India	IND	2017	4.1898	6112.0664	1354195712	3.0288827
India	IND	2018	4.0152	6436.1533	1369003264	2.993784
India	IND	2019	3.5733	6608.624	1383112064	2.926661
India	IND	2020	3.8189	6114.0317	1396387072	2.9111555
India	IND	2021	3.7771	6592.042	1407563904	2.9362788
Iran	IRN	2013		14113.458	78458928	2.596263
Iran	IRN	2014	4.686	14538.521	79961672	2.42116
Iraq	IRQ	2011	4.881612	8493.082	32378066	8.1351385
Iraq	IRQ	2012		9251.982	33864452	7.9641047
Iraq	IRQ	2013		9503.875	35481804	9.410459
Ireland	IRL	2011	7.284488	53712.285	4544504	0.92419386
Ireland	IRL	2012		53482.2	4564550	1.1392142
Ireland	IRL	2013		53800.207	4588830	1.1113939
Ireland	IRL	2015	6.907	71490.805	4665764	0.6644148
Ireland	IRL	2016	6.977	72106.8	4715791	0.72098243
Ireland	IRL	2017	6.9771	77749.2	4771860	0.8172925
Ireland	IRL	2018	7.0211	83340.39	4834506	0.80670065
Ireland	IRL	2019	7.0937	86681.27	4896021	0.6535922
Ireland	IRL	2020	7.0853	91099.75	4946123	0.6671898
Ireland	IRL	2021	7.0408	102496.22	4986525	0.4411889
Isle of Man	IMN	2011			84360	1.1855435
Isle of Man	IMN	2012			84352	2.3714104
Isle of Man	IMN	2013			84167	2.3768919
Isle of Man	IMN	2014			83916	3.5758557
Isle of Man	IMN	2015			83614	1.1962724
Isle of Man	IMN	2016			83472	0
Israel	ISR	2011	7.198713	35301.82	7459750	1.9705757
Israel	ISR	2012		35552.85	7592099	1.6859617
Israel	ISR	2013		36436.383	7726675	1.6436564
Israel	ISR	2014	7.278	37144.48	7863849	1.3733737
Israel	ISR	2015	7.267	37321.016	8007777	1.3736645
Israel	ISR	2016	7.213	38251.297	8159015	1.2746646
Israel	ISR	2017	7.19	39121.297	8309256	1.4802767
Israel	ISR	2018	7.1387	39936.77	8456487	1.3717287
Israel	ISR	2019	7.1286	40810.055	8607922	1.5334716
Israel	ISR	2020	7.1571	39351.895	8757487	1.4273497
Israel	ISR	2021	7.3638	42061.242	8900057	1.9438074
Italy	ITA	2011	6.578179	42892.305	60025952	0.9196023
Italy	ITA	2012		41501.71	60190152	0.8805428
Italy	ITA	2013		40268.113	60312600	0.8323302
Italy	ITA	2014	5.948	39898.527	60322792	0.7874304
Italy	ITA	2015	5.977	40247.83	60232908	0.77864414
Italy	ITA	2016	5.964	40837.74	60118628	0.6720047
Italy	ITA	2017	6.0004	41581.12	60004024	0.6266246
Italy	ITA	2018	6.2234	42045.92	59877432	0.5995582
Italy	ITA	2019	6.3874	42739.05	59727936	0.53073996
Italy	ITA	2020	6.4831	39065.28	59500576	0.47898695
Italy	ITA	2021	6.4667	41929.43	59240336	0.51147586
Jamaica	JAM	2011	6.207882	9823.773	2746169	41.25747
Jamaica	JAM	2012		9715.208	2759819	39.930183
Jamaica	JAM	2013		9718.625	2773134	43.34454
Jamaica	JAM	2014	5.709	9745.554	2784542	36.0921
Jamaica	JAM	2015	5.51	9800.507	2794455	43.264412
Jamaica	JAM	2016	5.311	9906.04	2802699	48.310635
Jamaica	JAM	2017	5.8898	9984.577	2808388	58.646004
Jamaica	JAM	2018	5.8898	10160.764	2811842	45.84195
Jamaica	JAM	2019	5.8898	10244.366	2813776	47.62289
Jamaica	JAM	2020	6.3092	9198.148	2820438	47.262203
Jamaica	JAM	2021	5.8496	9596.564	2827701	52.127274
Japan	JPN	2011	6.059098	38149.617	128007256	0.34529293
Japan	JPN	2012		38735.895	127853688	0.3355398
Japan	JPN	2013		39569.637	127678920	0.2897894
Japan	JPN	2014	5.987	39739.543	127476728	0.30986047
Japan	JPN	2015	5.921	40402.582	127250936	0.28526312
Japan	JPN	2016	5.92	40727.97	126993856	0.28505316
Japan	JPN	2017	5.915	41444.215	126662464	0.24158695
Japan	JPN	2018	5.8861	41739.203	126255872	0.26454216
Japan	JPN	2019	5.8708	41697.41	125791680	0.2535939
Japan	JPN	2020	5.9405	39935.465	125244760	0.25390282
Japan	JPN	2021	6.0389	40784.383	124612528	0.22870894
Jordan	JOR	2011	5.706185	11885.238	7109980	1.9831281
Jordan	JOR	2012		12001.99	7211866	2.2324328
Jordan	JOR	2013		11542.293	7694818	1.8713902
Jordan	JOR	2014	5.192	10605.35	8658030	1.9634961
Jordan	JOR	2015	5.303	9912.713	9494250	1.5904369
Jordan	JOR	2016	5.336	9633.101	9964659	1.3146466
Jordan	JOR	2017	5.1607	9629.103	10215384	1.3019582
Jordan	JOR	2018	4.9057	9584.507	10459864	0.8986731
Jordan	JOR	2019	4.6334	9551.165	10698682	1.1403272
Jordan	JOR	2020	4.3946	9203.376	10928723	0.98822176
Jordan	JOR	2021	4.1521	9223.147	11148288	1.0225796
Kazakhstan	KAZ	2011	5.594488	21970.084	16864920	8.419846
Kazakhstan	KAZ	2012		22702.578	17102868	7.402269
Kazakhstan	KAZ	2013		23720.816	17345734	6.45692
Kazakhstan	KAZ	2014	5.855	24355.756	17592296	5.1386127
Kazakhstan	KAZ	2015	5.919	24290.418	17835908	4.782487
Kazakhstan	KAZ	2017	5.7901	24862.967	18314822	4.995956
Kazakhstan	KAZ	2020	6.1518	25361.508	18979250	3.192962
Kenya	KEN	2011	4.180273	3824.1975	42635148	5.3265915
Kenya	KEN	2012		3899.167	43725808	5.429288
Kenya	KEN	2014	4.419	4055.1133	45831860	5.029252
Kenya	KEN	2015	4.356	4163.925	46851496	4.825887
Kenya	KEN	2016	4.553	4244.8574	47894668	4.933743
Kenya	KEN	2017	4.4097	4312.9087	48948140	5.0379853
Kenya	KEN	2018	4.5086	4464.813	49953300	3.1409333
Kenya	KEN	2019	4.583	4601.2114	50951452	3.0931406
Kenya	KEN	2020	4.6066	4498.383	51985780	3.5759778
Kenya	KEN	2021	4.543	4743.4863	53005616	5.274913
Kiribati	KIR	2011		1819.6566	109887	10.011786
Kiribati	KIR	2012		1883.1735	111630	7.167335
Kosovo	OWID_KOS	2011	5.420175	8040.5938	1799340	3.4457116
Kosovo	OWID_KOS	2012		8105.375	1811418	4.968498
Kosovo	OWID_KOS	2013		8486.565	1805676	2.2706196
Kosovo	OWID_KOS	2014	5.589	8796.63	1777812	3.0936956
Kosovo	OWID_KOS	2015	5.401	9445.105	1759122	2.3875546
Kosovo	OWID_KOS	2016	5.279	10031.044	1750724	2.1705317
Kosovo	OWID_KOS	2017	5.6621	10436.169	1731670	2.771898
Kosovo	OWID_KOS	2018	6.1	10755.168	1709966	2.5731566
Kosovo	OWID_KOS	2019	6.3252	11318.462	1686856	1.4227626
Kosovo	OWID_KOS	2020	6.372	10706.514	1670702	2.2146425
Kosovo	OWID_KOS	2021	6.4551	11884.18	1662022	1.9855483
Kuwait	KWT	2011	6.574075	61356.938	3143827	1.876695
Kuwait	KWT	2012		60588.156	3394668	1.7969383
Kuwait	KWT	2017	6.0834	50007.3	4124904	1.1151773
Kuwait	KWT	2018	6.0207	48943.008	4317190	0.85703987
Kuwait	KWT	2019	6.1021	47314.797	4441105	0.36027116
Kuwait	KWT	2020	6.1061	43922.63	4360451	0.25226787
Latvia	LVA	2012		23970.453	2053635	3.4085884
Latvia	LVA	2013		24715.066	2031491	2.461252
Latvia	LVA	2014	5.098	25423.488	2011040	3.1824346
Latvia	LVA	2015	5.56	26628.355	1991951	3.3635306
Latvia	LVA	2016	5.85	27509.336	1973477	3.496369
Latvia	LVA	2017	5.9331	28673.562	1954861	4.143514
Latvia	LVA	2018	5.9397	30051.402	1935632	4.339671
Latvia	LVA	2019	5.95	31038.68	1916552	3.391501
Latvia	LVA	2020	6.032	30568.502	1897057	3.6899357
Latvia	LVA	2021	6.1804	32081.455	1873926	3.0417538
Lebanon	LBN	2011	5.049216	19216.969	5045061	3.3299925
Lebanon	LBN	2012		19202.547	5178338	3.746376
Lebanon	LBN	2013		18180.367	5678859	4.15577
Lebanon	LBN	2014	4.839	16863.637	6274345	3.825102
Lebanon	LBN	2015	5.129	16611.72	6398941	3.6099732
Lebanon	LBN	2016	5.225	17248.19	6258628	3.7548215
Lebanon	LBN	2017	5.1989	17808.076	6109255	4.02668
Lebanon	LBN	2018	5.1973	17970.94	5950842	2.8903487
Lebanon	LBN	2019	4.7715	17172.197	5781912	3.1477506
Lebanon	LBN	2020	4.5838	13780.958	5662924	2.2603166
Liberia	LBR	2011	4.039651	1475.8392	4181148	3.8506157
Liberia	LBR	2012		1538.4072	4331749	3.1165302
Liechtenstein	LIE	2011			36213	0
Liechtenstein	LIE	2012			36526	0
Liechtenstein	LIE	2013			36836	0
Liechtenstein	LIE	2014			37120	2.695672
Liechtenstein	LIE	2015			37378	0
Liechtenstein	LIE	2016			37630	0
Liechtenstein	LIE	2017			37916	2.6393232
Liechtenstein	LIE	2018			38205	2.6191037
Liechtenstein	LIE	2019			38500	2.5986176
Liechtenstein	LIE	2020			38783	2.5802457
Liechtenstein	LIE	2021			39058	5.1230164
Lithuania	LTU	2011	5.588069	25968.584	3099800	6.806896
Lithuania	LTU	2012		27330.896	3063340	6.5941076
Lithuania	LTU	2013		28589.027	3028191	6.5385604
Lithuania	LTU	2014	5.833	29855.832	2994928	5.3089767
Lithuania	LTU	2015	5.813	30748.197	2963764	5.80343
Lithuania	LTU	2016	5.902	31925.803	2933676	5.2153044
Lithuania	LTU	2017	5.9519	33761.87	2904452	3.4429927
Lithuania	LTU	2018	6.149	35446.707	2876128	3.1987455
Lithuania	LTU	2019	6.2155	37184.453	2849083	3.299307
Lithuania	LTU	2020	6.2554	37166.41	2820269	3.5812218
Lithuania	LTU	2021	6.4456	39305.613	2786652	2.5837471
Luxembourg	LUX	2011	7.050853	112998.39	518207	0.7718938
Luxembourg	LUX	2012		112137.13	530596	0
Luxembourg	LUX	2013		113050.664	543068	0.18413985
Luxembourg	LUX	2014	6.946	113313.58	556075	0.71933454
Luxembourg	LUX	2015	6.871	113182.73	569415	0.87810576
Luxembourg	LUX	2016	6.863	116283.7	583355	0.8571169
Luxembourg	LUX	2017	6.9099	114985.84	596290	0.3354115
Luxembourg	LUX	2018	7.0903	114164.47	607920	0.49349168
Luxembourg	LUX	2019	7.2375	114542.5	619981	0.6451894
Luxembourg	LUX	2020	7.3244	111751.31	630401	0.4758887
Luxembourg	LUX	2021	7.404	115683.49	639330	0.6256638
Macao	MAC	2011		135365.39	571014	0.7005217
Macao	MAC	2012		144891.34	582776	0.6863813
Macao	MAC	2013		157602.48	593382	0.16852792
Macao	MAC	2014		151616.4	604163	0.16551715
Macao	MAC	2015		116855.53	615243	0.16253845
Macao	MAC	2016		113941.67	626694	0.1595689
Macao	MAC	2017		122977.51	638612	0.31318069
Macao	MAC	2018		128437.32	650996	0.30722392
Macao	MAC	2019		122822.125	663660	0.30136254
Macao	MAC	2020		55158.71	676287	0.2957342
Macao	MAC	2021		64796.996	686616	0.43693116
Malawi	MWI	2011	4.623671	1383.5809	15146095	2.2646103
Malawi	MWI	2012		1370.3029	15581250	1.7906137
Malaysia	MYS	2011	5.823207	20900.322	29184140	1.8160553
Malaysia	MYS	2012		21690.457	29660216	2.0296552
Malaysia	MYS	2013		22350.908	30134806	2.0806503
Malaysia	MYS	2014	5.77	23328.344	30606454	1.666315
Malaysia	MYS	2015	6.005	24151.26	31068834	1.6028925
Malaysia	MYS	2016	6.084	24859.799	31526414	1.446406
Malaysia	MYS	2017	6.3221	25935.143	31975812	1.1852711
Malaysia	MYS	2018	5.3388	26835.81	32399270	0.996936
Malaysia	MYS	2019	5.3843	27674.402	32804024	0.94500613
Malaysia	MYS	2020	5.3843	25830.973	33199988	0.76204836
Malaysia	MYS	2021	5.7113	26333.156	33573872	0.72377706
Maldives	MDV	2011		17290.209	374450	0.8011954
Maldives	MDV	2012		17126.34	387552	2.580382
Maldives	MDV	2013		17768.61	400741	0.7486375
Maldives	MDV	2015		18051.07	435590	0.9183116
Maldives	MDV	2016		18406.268	454263	3.962554
Maldives	MDV	2017		18973.568	472449	7.1966505
Maldives	MDV	2019	5.1976	20574.404	504518	0.59463876
Malta	MLT	2011	5.959978	32930.297	423577	0.7082638
Malta	MLT	2012		33979.656	429912	2.7913015
Malta	MLT	2013		35339.695	437531	1.5999086
Malta	MLT	2014	6.302	37285.24	446449	1.3439626
Malta	MLT	2015	6.488	39903.938	456585	0.8760815
Malta	MLT	2016	6.527	40319.73	467717	1.06905
Malta	MLT	2017	6.6266	43516.55	479507	1.6684151
Malta	MLT	2018	6.7256	44615.605	491590	1.6273856
Malta	MLT	2019	6.7728	45433.918	503646	0.9927835
Malta	MLT	2020	6.602	40740.97	515364	1.3582791
Malta	MLT	2021	6.4469	44658.72	526751	0.3796882
Mauritania	MRT	2018	4.4903	5367.2163	4270717	1.241011
Mauritania	MRT	2019	4.3746	5505.6465	4383853	1.0949284
Mauritania	MRT	2020	4.2274	5314.8496	4498605	1.0225395
Mauritius	MUS	2011	5.477073	17988.684	1286239	2.4878802
Mauritius	MUS	2012		18566.03	1288753	2.1726573
Mauritius	MUS	2013		19147.676	1290698	2.7117248
Mauritius	MUS	2014	5.477	19844.488	1292112	1.4704591
Mauritius	MUS	2015	5.648	20549.629	1293159	1.6239377
Mauritius	MUS	2016	5.629	21328.688	1293909	1.6229864
Mauritius	MUS	2017	5.8915	22148.625	1294743	2.5487733
Mauritius	MUS	2018	5.8882	23023.5	1295386	2.8563013
Mauritius	MUS	2019	6.1013	23681.58	1296284	2.082885
Mauritius	MUS	2020	6.049	20224.223	1297830	2.6968145
Mauritius	MUS	2021	6.0711	20967.947	1298922	2.6175704
Mexico	MEX	2011	6.740288	18432.37	114150480	23.839584
Mexico	MEX	2012		18838.783	115755912	22.432549
Mexico	MEX	2013		18844.031	117290680	19.663113
Mexico	MEX	2014	7.187	19141.92	118755888	16.849691
Mexico	MEX	2015	6.778	19542.89	120149896	17.28008
Mexico	MEX	2016	6.578	19830.963	121519224	20.209972
Mexico	MEX	2017	6.4882	20032.408	122839256	26.114616
Mexico	MEX	2018	6.5945	20278.217	124013864	29.581371
Mexico	MEX	2019	6.465	20064.5	125085312	29.308798
Mexico	MEX	2020	6.3168	18327.99	125998296	29.185314
Mexico	MEX	2021	6.1276	19086.105	126705136	28.175653
Micronesia (country)	FSM	2019		3540.7825	111392	0.89783937
Moldova	MDA	2011	5.3054	9050.126	3595135	6.0081334
Moldova	MDA	2012		8997.934	3507197	6.529443
Moldova	MDA	2013		9814.323	3416532	6.7027063
Moldova	MDA	2014	5.889	10311.288	3338338	4.822761
Moldova	MDA	2015	5.897	10355.539	3277390	5.7667875
Moldova	MDA	2016	5.838	10938.585	3225125	6.201314
Moldova	MDA	2017	5.6397	11651.187	3180515	4.4332566
Moldova	MDA	2018	5.5285	12367.764	3141839	5.283533
Moldova	MDA	2019	5.6075	13030.183	3109496	3.8913121
Moldova	MDA	2020	5.7664	12201.778	3084848	3.0147362
Mongolia	MNG	2011	4.562082	8685.78	2743946	9.694098
Mongolia	MNG	2012		9586.715	2792354	7.1266165
Mongolia	MNG	2013		10504.814	2845160	7.3106775
Mongolia	MNG	2014	4.874	11107.989	2902826	7.337686
Mongolia	MNG	2015	4.907	11134.802	2964756	7.21815
Mongolia	MNG	2016	4.955	11058.95	3029559	6.0735
Mongolia	MNG	2017	5.1246	11431.498	3096033	6.169192
Mongolia	MNG	2018	5.2854	12052.294	3163994	6.194708
Mongolia	MNG	2019	5.4562	12458.019	3232435	6.341979
Mongolia	MNG	2020	5.6772	11666.779	3294340	6.2228036
Mongolia	MNG	2021	5.7607	11668.431	3347782	6.153327
Montenegro	MNE	2011	5.146845	17290.512	631801	3.3238997
Montenegro	MNE	2012		16805.408	633053	2.6854098
Montenegro	MNE	2013		17384.854	633951	1.5774226
Montenegro	MNE	2014	5.192	17677.787	634301	3.1531096
Montenegro	MNE	2015	5.161	18266.879	633969	2.6815298
Montenegro	MNE	2016	5.237	18801.268	633264	4.4215403
Montenegro	MNE	2017	5.3475	19685.809	632445	2.371774
Montenegro	MNE	2018	5.5229	20690.285	631459	2.2171035
Montenegro	MNE	2019	5.5461	21537.809	630403	3.6485002
Montenegro	MNE	2020	5.5805	18262.236	629058	2.861469
Montenegro	MNE	2021	5.5468	20602.5	627856	2.3890734
Montserrat	MSR	2012			4999	20.100502
Montserrat	MSR	2017			4723	0
Montserrat	MSR	2018			4381	0
Morocco	MAR	2011	4.793151	6064.432	32903708	1.3402748
Morocco	MAR	2012		6160.9985	33352166	1.1483511
Morocco	MAR	2013		6352.433	33803528	1.2690983
Morocco	MAR	2014	5.013	7462.153	34248608	1.0365386
Morocco	MAR	2015	5.151	7687.691	34680456	1.2427748
Morocco	MAR	2016	5.235	7632.1855	35107272	1.6919576
Morocco	MAR	2017	5.2537	7921.619	35528116	2.1419656
Morocco	MAR	2018	5.2081	8072.0864	35927516	1.419525
Morocco	MAR	2019	5.0948	8217.599	36304408	1.7270631
Morocco	MAR	2020	4.918	7545.995	36688768	1.2483383
Morocco	MAR	2021	5.0599	8058.397	37076588	1.9311379
Mozambique	MOZ	2011	4.692764	1092.7732	23760424	3.573169
Myanmar	MMR	2011	5.321977	3018.4617	49794528	2.118707
Myanmar	MMR	2012		3187.115	50218196	2.8595219
Myanmar	MMR	2013		3409.649	50648336	2.4443054
Myanmar	MMR	2014	4.307	3658.5935	51072436	2.408344
Myanmar	MMR	2015	4.395	3748.2942	51483956	2.5289435
Myanmar	MMR	2016	4.545	4109.5576	51892352	2.5803418
Myanmar	MMR	2017	4.3078	4312.9473	52288344	2.6621614
Myanmar	MMR	2018	4.3604	4556.2812	52666016	2.7569962
Myanmar	MMR	2019	4.308	4829.5366	53040212	2.863865
Myanmar	MMR	2020	4.4258	4947.0938	53423200	2.94067
Myanmar	MMR	2021	4.3942	4032.6257	53798088	28.437815
Namibia	NAM	2011	4.885587	9431.044	2132343	14.444222
Namibia	NAM	2012		9747.819	2167474	17.901054
Namibia	NAM	2018	4.6392	10266.171	2405682	19.7865
Namibia	NAM	2019	4.5711	10009.578	2446648	13.038265
Namibia	NAM	2020	4.5741	9048.184	2489099	12.173084
Namibia	NAM	2021	4.4594	9137.797	2530150	12.449852
Nepal	NPL	2011	4.474119	2763.8289	27266398	2.4902444
Nepal	NPL	2012		2886.0974	27330696	2.3490074
Nepal	NPL	2013		2982.287	27381558	2.2131686
Nepal	NPL	2014	4.514	3152.2932	27462110	2.0318909
Nepal	NPL	2015	4.793	3260.035	27610328	2.020983
Nepal	NPL	2016	4.962	3244.6743	27861186	2.1463552
Nepal	NPL	2017	4.8804	3495.5288	28183424	2.18923
Nepal	NPL	2018	4.9127	3719.3079	28506718	2.2100058
Nepal	NPL	2019	5.1372	3922.0813	28832500	2.2856154
Netherlands	NLD	2011	7.512336	52594.23	16701470	0.85621196
Netherlands	NLD	2012		51860.055	16785296	0.86385113
Netherlands	NLD	2013		51640.08	16867352	0.7410766
Netherlands	NLD	2014	7.378	52186.996	16954080	0.725489
Netherlands	NLD	2015	7.339	52974.117	17041110	0.610289
Netherlands	NLD	2016	7.377	53847.83	17124512	0.548921
Netherlands	NLD	2017	7.4413	55088.633	17207204	0.76712084
Netherlands	NLD	2018	7.4876	56060.914	17286042	0.5785014
Netherlands	NLD	2019	7.4489	56784.04	17363260	0.62776226
Netherlands	NLD	2020	7.464	54275.004	17434562	0.61372364
Netherlands	NLD	2021	7.4149	56617.35	17501696	0.65136546
New Zealand	NZL	2011	7.372486	38137.492	4381274	0.89015305
New Zealand	NZL	2012		38780.605	4410285	0.92964524
New Zealand	NZL	2013		39521.074	4450641	1.0335582
New Zealand	NZL	2014	7.286	40353.105	4514198	0.95255077
New Zealand	NZL	2015	7.334	41020.312	4590591	1.0456172
New Zealand	NZL	2016	7.314	41620.348	4668088	1.0711039
New Zealand	NZL	2017	7.3238	42218.54	4746253	0.7374241
New Zealand	NZL	2018	7.3075	42862.07	4838528	1.5500588
New Zealand	NZL	2019	7.2996	43110.37	4959033	2.601313
Nicaragua	NIC	2011	5.114866	4805.4023	5942554	12.418905
Nicaragua	NIC	2012		5042.803	6030605	11.159739
Nicaragua	NIC	2013		5214.529	6119377	9.706867
Nicaragua	NIC	2014	5.828	5385.4985	6208680	8.45591
Nicaragua	NIC	2015	5.992	5563.004	6298610	8.319312
Nicaragua	NIC	2016	6.071	5734.355	6389237	7.0900507
Nicaragua	NIC	2017	6.141	5915.3755	6480534	6.650689
Nicaragua	NIC	2018	6.105	5636.6396	6572234	10.376991
Nicaragua	NIC	2019	6.1371	5348.9873	6663919	7.7281795
Nicaragua	NIC	2021	6.1646	5638.748	6850546	11.006432
Niger	NER	2011	4.121817	1010.32697	17283118	4.8081617
Niger	NER	2012		1075.146	17954410	4.3888946
Nigeria	NGA	2016	5.074	5209.074	188666928	33.604195
Nigeria	NGA	2019	4.7241	5076.368	203304496	21.74079
North Macedonia	MKD	2011	4.369255	13809.965	2097110	1.4305472
North Macedonia	MKD	2012		13730.258	2099486	1.3812957
North Macedonia	MKD	2013		14111.445	2102220	1.046515
North Macedonia	MKD	2014	5.007	14599.242	2105293	1.662478
North Macedonia	MKD	2015	5.121	15141.992	2107965	1.1859796
North Macedonia	MKD	2016	5.175	15556.255	2110194	0.90039027
North Macedonia	MKD	2017	5.1848	15709.287	2111982	1.467818
North Macedonia	MKD	2018	5.2736	16148.459	2113497	1.1828771
North Macedonia	MKD	2019	5.1598	16776.076	2114175	1.1351941
Norway	NOR	2011	7.524001	61157.13	4953565	2.2408123
Norway	NOR	2012		61990.69	5019058	0.53794974
Norway	NOR	2013		61878.977	5080667	0.90539265
Norway	NOR	2014	7.522	62390.13	5137926	0.56443036
Norway	NOR	2015	7.498	62987.516	5190357	0.462396
Norway	NOR	2016	7.537	63104.082	5236591	0.51560277
Norway	NOR	2017	7.5937	64050.758	5277396	0.530565
Norway	NOR	2018	7.5539	64341.258	5312321	0.47060418
Norway	NOR	2019	7.488	64385.008	5348285	0.5235329
Norway	NOR	2020	7.3925	63548	5379836	0.5762254
Norway	NOR	2021	7.3651	65662.17	5403021	0.5367368
Oman	OMN	2011		37745.453	3206883	1.0602238
Oman	OMN	2012		37270.586	3535585	1.1030726
Oman	OMN	2013		36330.48	3816688	2.5414758
Oman	OMN	2014	6.853	35032.258	4009272	0.29930654
Oman	OMN	2015		35188.023	4191784	0.38169974
Oman	OMN	2016		35229.953	4398080	0.36379594
Oman	OMN	2017		34218.387	4541853	0.3742965
Oman	OMN	2018		34212.105	4601160	0.28253767
Oman	OMN	2019		33814.113	4602769	0.49969932
Oman	OMN	2020		33098.21	4543406	0.30813938
Oman	OMN	2021		34294.766	4520474	0.24333748
Pakistan	PAK	2011	5.1487	4082.4495	198602736	6.978756
Pakistan	PAK	2012		4150.3257	202205856	6.847477
Pakistan	PAK	2013		4266.7114	205337552	6.78736
Pakistan	PAK	2014	5.194	4403.673	208251632	6.37498
Pakistan	PAK	2015	5.132	4552.6055	210969296	4.496389
Pakistan	PAK	2016	5.269	4746.718	213524848	3.9882948
Pakistan	PAK	2017	5.4725	4891.7197	216379648	3.8058107
Pakistan	PAK	2018	5.653	5113.434	219731488	3.7504869
Pakistan	PAK	2019	5.6933	5157.5464	223293280	3.6512518
Pakistan	PAK	2020	4.934	5004.352	227196736	3.7368493
Pakistan	PAK	2021	4.5158	5232.1426	231402112	3.9787881
Palau	PLW	2015		18402.53	17822	16.859615
Palau	PLW	2016		18364.48	17840	0
Palau	PLW	2017		17594.69	17857	0
Palau	PLW	2018		17587.088	17887	11.195388
Palestine	PSE	2011	4.55501	5782.6895	4087747	0.7339011
Palestine	PSE	2012		5985.683	4184161	0.69308996
Palestine	PSE	2013		6118.2573	4281800	0.5605127
Palestine	PSE	2014	4.715	5967.073	4380473	0.54788584
Palestine	PSE	2015	4.754	6048.9766	4484615	1.2041172
Palestine	PSE	2016	4.775	6438.9336	4593855	0.41359663
Palestine	PSE	2017	4.7433	6401.7407	4700954	0.7232586
Palestine	PSE	2018	4.6963	6318.21	4805549	0.4994229
Palestine	PSE	2019	4.5528	6245.4487	4909775	0.7128637
Palestine	PSE	2020	4.5167	5402.5386	5019407	0.9562893
Palestine	PSE	2021	4.4825	5643.0723	5133393	0.8766134
Panama	PAN	2011	6.862561	23461.873	3688679	14.883397
Panama	PAN	2012		25302.08	3754871	16.964672
Panama	PAN	2013		26576.863	3821557	17.348953
Panama	PAN	2014	6.786	27440.566	3888795	15.531814
Panama	PAN	2015	6.701	28512.926	3957102	11.90266
Panama	PAN	2016	6.452	29410.635	4026338	10.058772
Panama	PAN	2017	6.43	30526.379	4096071	9.228374
Panama	PAN	2018	6.3213	31125.625	4165258	9.627263
Panama	PAN	2019	6.3048	31543.605	4232538	11.34073
Panama	PAN	2020	6.1796	25510.273	4294391	11.64308
Panama	PAN	2021	6.3091	29037.945	4351264	12.639997
Paraguay	PRY	2011	5.398257	11613.169	5843938	11.242418
Paraguay	PRY	2012		11376.407	5923327	10.95669
Paraguay	PRY	2013		12150.972	6005656	10.057193
Paraguay	PRY	2014	5.878	12616.414	6090727	9.489845
Paraguay	PRY	2015	5.538	12806.097	6177954	9.987132
Paraguay	PRY	2016	5.493	13163.74	6266623	10.675619
Paraguay	PRY	2017	5.6806	13604.175	6355406	8.512441
Paraguay	PRY	2018	5.7427	13848.499	6443337	7.713405
Paraguay	PRY	2019	5.6921	13609.723	6530029	8.483886
Paraguay	PRY	2020	5.6526	13317.321	6618700	7.2672935
Paraguay	PRY	2021	5.5783	13687.655	6703802	7.8313804
Peru	PER	2011	5.25838	10539.982	29477722	5.4854984
Peru	PER	2012		11084.874	29749592	6.615217
Peru	PER	2013		11620.645	30038810	6.701331
Peru	PER	2014	5.824	11773.944	30353956	6.8393073
Peru	PER	2015	5.743	12015.1875	30711864	7.316391
Peru	PER	2016	5.715	12321.318	31132776	7.8213387
Peru	PER	2017	5.6632	12442.746	31605488	7.868887
Peru	PER	2018	5.6971	12696.236	32203946	7.613974
Peru	PER	2019	5.7968	12735.168	32824864	7.2658343
Peru	PER	2020	5.8396	11176.919	33304768	5.7138987
Philippines	PHL	2011	4.825137	5995.431	96337912	8.811692
Philippines	PHL	2012		6298.16	98032320	8.654289
Philippines	PHL	2016	5.43	7616.05	104875272	10.636445
Philippines	PHL	2017	5.5241	8001.7563	106738496	7.746033
Philippines	PHL	2018	5.6314	8365.732	108568832	5.204993
Philippines	PHL	2019	6.006	8731.861	110380800	4.315968
Poland	POL	2011	5.803043	24874.172	38620848	1.0926741
Poland	POL	2012		25258.594	38625872	1.0588757
Poland	POL	2013		25490.328	38607352	0.79000497
Poland	POL	2014	5.791	26488.201	38581880	0.74387264
Poland	POL	2015	5.835	27667.69	38553148	0.772959
Poland	POL	2016	5.973	28497.104	38532108	0.6747619
Poland	POL	2017	6.123	29958.121	38532816	0.74481976
Poland	POL	2018	6.1817	31739.258	38521464	0.70869595
Poland	POL	2019	6.1863	33159.75	38493600	0.6572521
Poland	POL	2020	6.1661	32546.826	38428368	0.692197
Poland	POL	2021	6.1228	34915.523	38307724	0.71265
Portugal	PRT	2011	5.327314	31304.816	10564820	1.0790523
Portugal	PRT	2012		30156.701	10522085	1.1594659
Portugal	PRT	2013		30042.89	10464537	1.3760765
Portugal	PRT	2014	5.102	30444.6	10408379	0.88390386
Portugal	PRT	2015	5.123	31118.791	10365436	0.9647448
Portugal	PRT	2016	5.195	31847.537	10332751	0.63874555
Portugal	PRT	2017	5.4104	33044.715	10307528	0.7373251
Portugal	PRT	2018	5.6925	34040.727	10289833	0.78718466
Portugal	PRT	2019	5.9109	34945.66	10289921	0.70943195
Portugal	PRT	2020	5.929	32011.324	10298186	0.7865459
Portugal	PRT	2021	6.0163	33674.527	10290109	0.7968822
Puerto Rico	PRI	2011	6.592634	33224.574	3691615	31.93725
Puerto Rico	PRI	2012		33638.875	3657989	27.747494
Puerto Rico	PRI	2013		33922.168	3615028	25.56004
Puerto Rico	PRI	2014		34070.26	3560008	19.775223
Puerto Rico	PRI	2015	7.039	34311.04	3497335	17.556225
Puerto Rico	PRI	2016		34539.594	3432745	20.508396
Puerto Rico	PRI	2017		34363.754	3366407	21.625423
Puerto Rico	PRI	2018		34223.1	3319269	20.004404
Puerto Rico	PRI	2019		34792.656	3292888	19.223255
Puerto Rico	PRI	2020		32387.16	3271570	16.994926
Qatar	QAT	2011	6.569056	111879.75	1804175	0.22170842
Qatar	QAT	2012		110931.51	1905670	0.3673268
Qatar	QAT	2013		109625.63	2035509	0.4421517
Qatar	QAT	2014	6.611	106141.33	2214471	0.4064188
Qatar	QAT	2015	6.375	101971.99	2414580	0.2484912
Qatar	QAT	2016	6.375	97783.12	2595175	0.46239817
Qatar	QAT	2017	6.3745	92177.59	2711764	0.44251794
Qatar	QAT	2018	6.3745	91461.62	2766743	0.36143726
Qatar	QAT	2019		90840.43	2807242	0.39184463
Qatar	QAT	2020		89019.07	2760390	0.43472198
Qatar	QAT	2021		92862.35	2688239	0.33479217
Romania	ROU	2011	5.178499	21446.771	20220286	1.0138334
Romania	ROU	2012		21957.15	20137112	1.0527822
Romania	ROU	2013		22098.33	20066550	1.0863853
Romania	ROU	2014	5.124	23095.28	19995836	1.6253384
Romania	ROU	2015	5.528	23937.46	19906078	1.7029973
Romania	ROU	2016	5.825	24763.135	19797820	1.5456247
Romania	ROU	2017	5.9452	26948.158	19698852	1.2944916
Romania	ROU	2018	6.0697	28741.227	19606778	1.275069
Romania	ROU	2019	6.1237	30006.336	19524212	1.2497303
Romania	ROU	2020	6.14	29062.473	19442040	1.4453217
Romania	ROU	2021	6.477	30776.93	19328558	1.2623806
Russia	RUS	2011	5.284313	24972.078	143364544	11.282427
Russia	RUS	2012		25933.293	143629360	11.311754
Russia	RUS	2013		26332.396	143956864	11.137363
Russia	RUS	2014	5.716	26057.156	144285072	11.446784
Russia	RUS	2015	5.856	25488.096	144668384	11.506314
Russia	RUS	2016	5.963	25490.709	145109152	10.93246
Russia	RUS	2017	5.8097	25926.443	145452544	9.139064
Russia	RUS	2018	5.6479	26656.41	145652288	8.214083
Russia	RUS	2019	5.546	27254.574	145742288	7.68617
Russia	RUS	2020	5.4772	26583.797	145617328	7.3459663
Russia	RUS	2021	5.4586	27960.102	145102752	6.7993197
Rwanda	RWA	2012		1637.1008	10840331	2.3615508
Rwanda	RWA	2013		1674.0609	11101352	3.2338412
Rwanda	RWA	2014	3.465	1735.5454	11368450	3.7648048
Rwanda	RWA	2015	3.515	1844.7169	11642963	2.5165424
Rwanda	RWA	2016	3.471	1907.6816	11930902	3.2855864
Rwanda	RWA	2017	3.4081	1934.9729	12230343	3.8429024
Rwanda	RWA	2018	3.3338	2050.441	12531810	2.274213
Rwanda	RWA	2019	3.3123	2191.4016	12835029	3.1476364
Rwanda	RWA	2020	3.4147	2067.6416	13146367	3.590347
Saint Kitts and Nevis	KNA	2011		24876.697	47605	71.456345
Saint Kitts and Nevis	KNA	2012		24672.4	47754	37.7145
Saint Kitts and Nevis	KNA	2016		29329.479	47814	62.777924
Saint Kitts and Nevis	KNA	2017		29333.393	47811	48.131756
Saint Kitts and Nevis	KNA	2018		29950.494	47787	48.156445
Saint Kitts and Nevis	KNA	2019		31194.736	47739	25.151169
Saint Kitts and Nevis	KNA	2020		26700.668	47666	20.989662
Saint Kitts and Nevis	KNA	2021		26485.816	47631	29.40775
Saint Lucia	LCA	2011		15133.397	172157	26.72158
Saint Lucia	LCA	2012		15017.746	173139	22.527206
Saint Lucia	LCA	2013		14469.648	173992	18.967861
Saint Lucia	LCA	2014		14605.221	174814	19.45041
Saint Lucia	LCA	2015		14339.109	175638	15.943242
Saint Lucia	LCA	2016		14810.637	176429	17.0055
Saint Lucia	LCA	2017		15247.459	177175	27.658068
Saint Lucia	LCA	2018		15622.778	177894	20.799604
Saint Lucia	LCA	2019		15460.801	178594	25.758259
Saint Lucia	LCA	2020		11651.167	179245	29.011948
Saint Lucia	LCA	2021		13045.955	179663	38.96433
Saint Martin (French part)	MAF	2011			36370	22.008253
Saint Martin (French part)	MAF	2012			36052	5.551546
Saint Martin (French part)	MAF	2013			35664	22.447004
Saint Martin (French part)	MAF	2014			35280	22.688278
Saint Martin (French part)	MAF	2015			35042	17.133066
Saint Martin (French part)	MAF	2016			34833	28.726551
Saint Vincent and the Grenadines	VCT	2016		13356.81	105971	37.749203
Saint Vincent and the Grenadines	VCT	2017		13633.048	105568	36.949837
Saint Vincent and the Grenadines	VCT	2018		14084.938	105297	32.294678
Saint Vincent and the Grenadines	VCT	2019		14189.96	104940	18.10843
Saint Vincent and the Grenadines	VCT	2020		13473.595	104644	31.538958
Saint Vincent and the Grenadines	VCT	2021		13695.039	104340	30.671318
Samoa	WSM	2013		5659.8516	199952	3.0009153
Samoa	WSM	2017		6238.796	207642	3.3713899
Samoa	WSM	2018		6139.523	209715	6.1993027
San Marino	SMR	2011		63458.816	32518	0
Sao Tome and Principe	STP	2011		3398.276	186058	3.225035
Saudi Arabia	SAU	2018	6.3747	45840.84	35018132	0.6396686
Saudi Arabia	SAU	2019	6.4065	44954.992	35827364	0.7954814
Serbia	SRB	2011	4.564279	14926.494	7620925	1.6927093
Serbia	SRB	2012		14896.884	7591357	1.4490178
Serbia	SRB	2013		15402.562	7566674	1.8370023
Serbia	SRB	2014	5.123	15229.067	7543965	1.5641652
Serbia	SRB	2015	5.177	15581.014	7519501	1.3298764
Serbia	SRB	2016	5.395	16185.742	7493288	1.5480521
Serbia	SRB	2017	5.3982	16614.014	7464882	1.1520613
Serbia	SRB	2018	5.603	17455.945	7433825	1.4124639
Serbia	SRB	2019	5.7782	18310.08	7401056	1.1890196
Serbia	SRB	2020	6.0779	18265.967	7358010	1.1416138
Serbia	SRB	2021	6.178	19831.297	7296771	1.0552616
Seychelles	SYC	2011		23617.03	93842	17.05266
Seychelles	SYC	2012		23681.348	95319	4.1968756
Seychelles	SYC	2013		24647.078	96730	18.611576
Seychelles	SYC	2014		25359.846	98016	16.326365
Seychelles	SYC	2015		26198.72	99260	7.0536075
Seychelles	SYC	2016		27234.414	100521	11.939289
Seychelles	SYC	2017		28116.71	101828	6.875519
Seychelles	SYC	2018		28740.55	103120	8.729304
Seychelles	SYC	2019		29369.53	104386	9.581068
Seychelles	SYC	2020		26879.77	105545	8.52838
Seychelles	SYC	2021		28760.516	106486	4.6961365
Sierra Leone	SLE	2011	3.585802	1450.4935	6612390	2.8280268
Sierra Leone	SLE	2012		1627.34	6788594	1.6645583
Sierra Leone	SLE	2015	4.635	1513.562	7314779	1.6951996
Sierra Leone	SLE	2020	3.8494	1586.196	8233973	2.1374865
Singapore	SGP	2011	6.549302	81258.086	5281351	0.30295318
Singapore	SGP	2012		82805.62	5381003	0.2044228
Singapore	SGP	2013		85400.73	5478063	0.31032914
Singapore	SGP	2014	6.798	87616.64	5570505	0.25132388
Singapore	SGP	2015	6.739	89160.73	5650020	0.24778682
Singapore	SGP	2016	6.572	91146.09	5711936	0.31512976
Singapore	SGP	2017	6.3432	95310.336	5764489	0.19082357
Singapore	SGP	2018	6.262	98336.95	5814543	0.15478449
Singapore	SGP	2019	6.3771	98283.31	5866408	0.20455457
Singapore	SGP	2020	6.3765	94505.63	5909874	0.16920847
Singapore	SGP	2021	6.4802	106032.23	5941063	0.10099207
Slovakia	SVK	2011	5.656836	26210.758	5402686	1.7768961
Slovakia	SVK	2012		26511.27	5409283	1.3865052
Slovakia	SVK	2013		26650.363	5414744	1.4405127
Slovakia	SVK	2014	5.995	27342.627	5419572	1.328519
Slovakia	SVK	2015	6.078	28728.156	5424449	0.8848832
Slovakia	SVK	2016	6.098	29248.885	5431205	1.1047275
Slovakia	SVK	2017	6.1734	30061.55	5439418	1.470746
Slovakia	SVK	2018	6.1976	31229.863	5446746	1.2300924
Slovakia	SVK	2019	6.2806	31973.46	5453932	1.3934921
Slovakia	SVK	2020	6.3309	30867.973	5456681	1.154548
Slovakia	SVK	2021	6.3907	31866.025	5447621	1.0096148
Slovenia	SVN	2011	5.922324	33568.066	2065457	0.7746485
Slovenia	SVN	2012		32613.49	2069365	0.67653966
Slovenia	SVN	2013		32234.025	2072374	0.5790459
Slovenia	SVN	2014	5.848	33093.75	2074923	0.7711152
Slovenia	SVN	2015	5.768	33799.727	2080865	0.96114016
Slovenia	SVN	2016	5.758	34853.043	2090020	0.47846434
Slovenia	SVN	2017	5.9476	36507.555	2098396	0.90545523
Slovenia	SVN	2018	6.1177	37995.715	2105931	0.42736584
Slovenia	SVN	2019	6.3634	39034.234	2112905	0.662596
Slovenia	SVN	2020	6.4607	37098.12	2117648	0.51944596
Slovenia	SVN	2021	6.6301	40036.484	2119408	0.4246466
South Africa	ZAF	2011	5.10052	13721.686	52443320	29.658684
South Africa	ZAF	2012		13864.971	53145036	30.507084
South Africa	ZAF	2013		14017.411	53873608	31.598028
South Africa	ZAF	2014	4.642	13993.2705	54729556	32.5327
South Africa	ZAF	2015	4.459	13887.211	55876504	33.41834
South Africa	ZAF	2016	4.829	13844.276	56422272	33.703003
South Africa	ZAF	2017	4.724	13950.453	56641208	35.903187
South Africa	ZAF	2018	4.7222	13990.314	57339632	36.66225
South Africa	ZAF	2019	4.8141	13852.206	58087060	36.71214
South Africa	ZAF	2020	4.9564	12815.909	58801928	33.964874
South Africa	ZAF	2021	5.1939	13311.926	59392256	41.865726
South Korea	KOR	2011	5.643442	35388.977	49169880	0.8196075
South Korea	KOR	2012		36049.195	49634188	0.8764121
South Korea	KOR	2013		37021.133	50098228	0.7026197
South Korea	KOR	2014	5.984	37967.477	50558044	0.7456776
South Korea	KOR	2015	5.835	38828.742	50994396	0.73537487
South Korea	KOR	2016	5.838	39814.66	51309984	0.6938221
South Korea	KOR	2017	5.8749	40957.418	51511640	0.58433396
South Korea	KOR	2018	5.8947	41965.89	51676900	0.5979461
South Korea	KOR	2019	5.8724	42758.59	51803832	0.5733167
South Korea	KOR	2020	5.8455	42396.76	51844688	0.59408206
South Korea	KOR	2021	5.9351	44232.207	51830136	0.52093244
South Sudan	SSD	2012			10701605	14.053967
Spain	ESP	2011	6.761248	36863.492	46729232	0.8238954
Spain	ESP	2012		35749.51	46756084	0.77850837
Spain	ESP	2013		35363.51	46603460	0.64802057
Spain	ESP	2014	6.329	35964.46	46464548	0.6951536
Spain	ESP	2015	6.361	37373.95	46431344	0.65042275
Spain	ESP	2016	6.403	38476.79	46473320	0.6326211
Spain	ESP	2017	6.3099	39528.926	46584168	0.65902215
Spain	ESP	2018	6.3541	40255.254	46792044	0.61762637
Spain	ESP	2019	6.4009	40760.31	47131372	0.7022923
Spain	ESP	2020	6.4907	35967.89	47363808	0.6291724
Spain	ESP	2021	6.4763	37913.074	47486932	0.6106943
Sri Lanka	LKA	2011	4.25961	10190.35	20859746	3.5091517
Sri Lanka	LKA	2012		11055.634	21017150	3.2164214
Sri Lanka	LKA	2013		11414.167	21131762	2.9292407
Sri Lanka	LKA	2014	4.271	12029.375	21239448	2.6036446
Sri Lanka	LKA	2015	4.415	12420.553	21336692	2.2824526
Sri Lanka	LKA	2016	4.44	12904.854	21425494	2.4736886
Sri Lanka	LKA	2017	4.4706	13584.193	21506816	2.2597492
Sri Lanka	LKA	2018	4.3659	13753.055	21580712	2.3817568
Sri Lanka	LKA	2019	4.327	13639.021	21649664	3.427305
Suriname	SUR	2013		19778.307	563952	5.1423273
Suriname	SUR	2014	6.269	19629.223	569687	5.617169
Suriname	SUR	2015	6.269	18768.795	575478	5.9081626
Suriname	SUR	2016		17662.682	581462	7.051301
Suriname	SUR	2017		17753.06	587566	6.127039
Suriname	SUR	2018		18438.346	593729	6.4003825
Suriname	SUR	2019		18449.2	600305	4.997497
Suriname	SUR	2020		15329.179	607068	9.059985
Suriname	SUR	2021		14766.748	612989	5.7097692
Sweden	SWE	2011	7.379463	48947.438	9467384	0.85556865
Sweden	SWE	2012		48300.844	9555984	0.71159583
Sweden	SWE	2013		48462.16	9648935	0.9016542
Sweden	SWE	2014	7.364	49258.996	9747507	0.89253575
Sweden	SWE	2015	7.291	50928.965	9849344	1.1371311
Sweden	SWE	2016	7.284	51334.434	9953322	1.0649716
Sweden	SWE	2017	7.3145	51947.953	10058191	1.1234626
Sweden	SWE	2018	7.3433	52349.293	10162300	1.0627518
Sweden	SWE	2019	7.3535	52850.57	10267922	1.0810367
Sweden	SWE	2020	7.3627	51331.28	10368968	1.1958759
Sweden	SWE	2021	7.3843	53613.42	10467095	1.0795734
Switzerland	CHE	2011	7.498953	66587.85	7910988	0.5814702
Switzerland	CHE	2012		66661.49	7995738	0.5627998
Switzerland	CHE	2013		67080.37	8088370	0.7047158
Switzerland	CHE	2014	7.587	67824.086	8187792	0.50074553
Switzerland	CHE	2015	7.509	68159.22	8281735	0.6882618
Switzerland	CHE	2016	7.494	68813.64	8372902	0.53744835
Switzerland	CHE	2017	7.4873	69103.57	8451688	0.5324381
Switzerland	CHE	2018	7.4802	70558.56	8514431	0.5872381
Switzerland	CHE	2019	7.5599	70857.086	8575593	0.53640634
Switzerland	CHE	2020	7.5715	68670.24	8638609	0.5440688
Switzerland	CHE	2021	7.5116	71032.84	8691409	0.48323596
Tajikistan	TJK	2011	4.613789	2481.572	7784820	1.6185347
Tajikistan	TJK	2020	5.4662	3651.9421	9543211	0.9116432
Tanzania	TZA	2011	3.800163	2064.7107	46416032	8.938722
Tanzania	TZA	2012		2095.8745	47786136	8.563153
Tanzania	TZA	2013		2171.4421	49253648	7.506044
Tanzania	TZA	2015	3.666	2306.6382	52542824	7.1294227
Tanzania	TZA	2016	3.349	2380.9314	54401804	6.3214817
Tanzania	TZA	2017	3.3035	2458.3428	56267040	5.592973
Tanzania	TZA	2018	3.2307	2510.9663	58090444	4.706454
Tanzania	TZA	2019	3.4762	2577.6658	59872584	4.541311
Tanzania	TZA	2020	3.6232	2551.2063	61704520	3.704753
Thailand	THA	2011	5.80368	14199.279	68712848	4.812783
Tonga	TON	2011		5332.404	107625	1.8585547
Tonga	TON	2012		5381.746	107517	0.93021524
Tonga	TON	2018		6287.882	105167	9.510179
Tonga	TON	2019		6344.3115	104965	0.95283014
Trinidad and Tobago	TTO	2011	6.262625	27062.385	1420021	24.788383
Trinidad and Tobago	TTO	2012		28642.336	1430379	26.566431
Trinidad and Tobago	TTO	2013		29529.576	1440731	28.249578
Trinidad and Tobago	TTO	2014	6.168	30301.936	1450663	27.918308
Trinidad and Tobago	TTO	2015	6.168	29876.98	1460180	28.763645
Trinidad and Tobago	TTO	2016	6.168	27682.445	1469334	31.510971
Trinidad and Tobago	TTO	2017	6.1919	26213.924	1478616	33.477455
Trinidad and Tobago	TTO	2018	6.1919	25534.84	1504707	34.358803
Trinidad and Tobago	TTO	2019	6.1919	25306.617	1519960	35.461575
Trinidad and Tobago	TTO	2020		23391.316	1518142	26.28204
Trinidad and Tobago	TTO	2021		23037.143	1525671	29.364283
Tunisia	TUN	2012		10428.271	11174384	2.9710813
Tunisia	TUN	2019	4.3922	11100.82	12049319	4.738859
Tunisia	TUN	2020	4.5965	10050.046	12161720	4.6210556
Turkey	TUR	2011	5.233999	21716.266	74173856	4.126791
Turkey	TUR	2012		22422.537	75277440	4.2721963
Turkey	TUR	2015	5.389	25594.66	79646176	2.806161
Turkey	TUR	2016	5.5	25996.967	81019400	3.3374724
Turkey	TUR	2017	5.4825	27582.832	82089824	3.0953896
Turkey	TUR	2018	5.3726	28157.979	82809304	2.60961
Turkey	TUR	2019	5.1318	28150.059	83481688	2.4196925
Turkey	TUR	2020	4.9476	28473.205	84135432	2.5054843
Turkey	TUR	2021	4.7442	31466.56	84775408	2.5195987
Turkmenistan	TKM	2011	6.567713	9379.144	5360813	1.8653892
Turkmenistan	TKM	2012		10233.4	5458688	1.4472358
Turkmenistan	TKM	2013		11071.518	5560099	1.5107657
Turkmenistan	TKM	2014	5.548	11989.653	5663159	1.571563
Turkmenistan	TKM	2015	5.658	12540.284	5766427	1.0925301
Turks and Caicos Islands	TCA	2013		23624.287	33620	11.906711
Turks and Caicos Islands	TCA	2014		24661.145	35014	5.716736
Tuvalu	TUV	2011		3512.0325	10719	9.345358
Tuvalu	TUV	2012		3388.5388	10876	18.425537
Tuvalu	TUV	2019		4816.553	10983	0
Uganda	UGA	2011	4.313321	1996.0656	33295738	11.271713
Uganda	UGA	2012		2013.5464	34273296	11.863464
Uganda	UGA	2013		2026.6228	35273568	10.934532
Uganda	UGA	2014	3.931	2067.7954	36336544	12.309923
Uganda	UGA	2016	4.081	2137.2073	38748308	11.566959
Uganda	UGA	2017	4.1608	2128.397	40127096	11.80001
Uganda	UGA	2018	4.1894	2186.9072	41515400	10.832127
Uganda	UGA	2019	4.432	2250.015	42949076	10.985102
Uganda	UGA	2020	4.6365	2240.4902	44404608	10.044002
Uganda	UGA	2021	4.6026	2246.414	45853780	8.531467
Ukraine	UKR	2012		12985.087	45406228	5.144669
Ukraine	UKR	2014	4.681	12385.813	45148072	6.301487
Ukraine	UKR	2017	4.1029	11860.561	44657260	6.160253
Ukraine	UKR	2018	4.3322	12336.927	44446952	4.5042458
Ukraine	UKR	2019	4.5607	12804.955	44211100	4.116614
Ukraine	UKR	2020	4.8748	12407.79	43909664	3.8670301
Ukraine	UKR	2021	5.0841	12943.614	43531424	3.843201
United Arab Emirates	ARE	2011	6.977243	57815.17	8575210	0.59473795
United Arab Emirates	ARE	2012		59949.246	8664976	0.79630977
United Arab Emirates	ARE	2013		62354.824	8751853	0.6512911
United Arab Emirates	ARE	2014	6.901	64334.09	8835957	0.69036144
United Arab Emirates	ARE	2015	6.573	68076.63	8916909	0.67287964
United Arab Emirates	ARE	2019	6.7908	71782.16	9211660	0.6947718
United Arab Emirates	ARE	2020	6.5605	67668.29	9287286	0.6998813
United Arab Emirates	ARE	2021	6.576	69733.8	9365149	0.46982723
United Kingdom	GBR	2011	6.936396	42389.145	63286360	1.0128565
United Kingdom	GBR	2012		42705.15	63808728	0.98262423
United Kingdom	GBR	2013		43192.08	64302296	0.9377581
United Kingdom	GBR	2014	6.867	44247.03	64773504	0.90932244
United Kingdom	GBR	2015	6.725	44948.336	65224368	0.99962646
United Kingdom	GBR	2016	6.714	45574.848	65655204	1.2017326
United Kingdom	GBR	2017	6.8143	46372.387	66064808	1.2245553
United Kingdom	GBR	2018	7.0537	46878.137	66432996	1.1364834
United Kingdom	GBR	2019	7.1645	47362.266	66778660	1.150068
United Kingdom	GBR	2020	7.0636	41984.105	67059472	1.0035868
United States	USA	2011	7.270243	54960.906	313876608	4.6709437
United States	USA	2012		55803.51	316651328	4.6915956
United States	USA	2013		56438.945	319375168	4.483442
United States	USA	2014	7.119	57308.32	322033952	4.398294
United States	USA	2015	7.104	58427.55	324607776	4.892982
United States	USA	2016	6.993	58972.902	327210208	5.3216558
United States	USA	2017	6.886	59914.777	329791232	5.2439237
United States	USA	2018	6.8923	61355.65	332140032	4.929848
United States	USA	2019	6.9396	62478.254	334319680	4.9859467
United States	USA	2020	6.9515	60167.855	335942016	6.420751
United States	USA	2021	6.9768	63669.71	336997632	6.8074665
United States Virgin Islands	VIR	2011			105491	42.66232
United States Virgin Islands	VIR	2012			104780	49.631107
Uruguay	URY	2011	5.898252	20275.441	3361631	5.919734
Uruguay	URY	2012		20933.69	3371134	7.920187
Uruguay	URY	2013		21839.408	3381187	7.689622
Uruguay	URY	2014	6.485	22477.06	3391660	7.901732
Uruguay	URY	2015	6.545	22486.428	3402820	8.610512
Uruguay	URY	2016	6.454	22793.07	3413768	7.8212743
Uruguay	URY	2017	6.3788	23106.998	3422205	8.269533
Uruguay	URY	2018	6.2933	23184.625	3427044	12.284647
Uruguay	URY	2019	6.4401	23256.598	3428412	11.492213
Uruguay	URY	2020	6.4314	21828.64	3429087	9.856853
Uruguay	URY	2021	6.4736	22800.69	3426265	8.901836
Uzbekistan	UZB	2015	5.987	6401.115	30949416	1.6349257
Uzbekistan	UZB	2016	5.971	6663.9497	31453576	2.4067216
Uzbekistan	UZB	2017	6.0961	6840.71	31945680	1.8500153
Uzbekistan	UZB	2018	6.1741	7082.9253	32449578	1.4607278
Uzbekistan	UZB	2019	6.2576	7348.147	32976946	1.2008388
Uzbekistan	UZB	2020	6.1788	7344.22	33526662	1.3392328
Uzbekistan	UZB	2021	6.0627	7734.8325	34081452	1.4054567
Vanuatu	VUT	2019		3070.3508	304414	0.6570205
Vanuatu	VUT	2020		2836.8135	311694	0.32083675
Vatican	VAT	2011		0
Vatican	VAT	2012		0
Vatican	VAT	2013		0
Vatican	VAT	2014		0
Vatican	VAT	2015				0
Vatican	VAT	2019		0
Vatican	VAT	2020		0
Vatican	VAT	2021		0
Venezuela	VEN	2011	6.922258		29096158	48.453133
Venezuela	VEN	2012			29470428	54.53603
Venezuela	VEN	2014	6.81		30193260	63.027313
Venezuela	VEN	2015	6.084		30529722	51.274635
Venezuela	VEN	2016	5.25		30741464	56.623848
Venezuela	VEN	2017	4.8056		30563430	47.982174
Venezuela	VEN	2019	5.0532		28971686	40.984848
Venezuela	VEN	2020	4.8922		28490458	29.4274
Venezuela	VEN	2021	4.9255		28199862	19.305056
Vietnam	VNM	2011	5.425293	6658.667	88349104	1.5370839
World	OWID_WRL	2011		14230.719	7073125376	6.1522136
World	OWID_WRL	2012		14504.989	7161697792	6.177419
World	OWID_WRL	2013		14789.622	7250593280	6.083612
World	OWID_WRL	2014		15112.653	7339013632	6.075776
World	OWID_WRL	2015		15433.18	7426597376	5.9162917
World	OWID_WRL	2016		15750.084	7513474048	5.961374
World	OWID_WRL	2017		16156.354	7599822336	5.930093
World	OWID_WRL	2018		16558.998	7683789824	5.7590094
World	OWID_WRL	2019		16847.46	7764951040	5.555708
World	OWID_WRL	2020		16175.776	7840952832	5.5101085
World	OWID_WRL	2021		16997.135	7909295104	5.791921
Yemen	YEM	2011	4.453632		25475608	5.3973193
Yemen	YEM	2012			26223390	6.1624374
Yemen	YEM	2013			26984008	6.3111467
Zambia	ZMB	2011	4.704553	3146.8445	14265824	6.049427
Zambia	ZMB	2012		3275.9683	14744662	6.002174
Zambia	ZMB	2013		3330.877	15234976	5.6908526
Zambia	ZMB	2014	5.129	3375.9412	15737796	5.242158
Zambia	ZMB	2015	4.795	3365.3792	16248231	5.2498026
Zimbabwe	ZWE	2012		2310.8071	13265331	7.395217
Zimbabwe	ZWE	2018	3.6632	2399.6216	15052191	4.876369
Zimbabwe	ZWE	2019	3.2992	2203.3967	15354606	5.1450353
Zimbabwe	ZWE	2020	3.1448	1990.3195	15669663	4.9777703
Zimbabwe	ZWE	2021	2.9951	2115.1445	15993525	6.139985
