Entity	Code	Year	Life expectancy - Sex: all - Age: at birth - Variant: estimates	Cantril ladder score	Population (historical estimates)
Abkhazia	OWID_ABK	2015			
Afghanistan	AFG	2011	61.4	4.25835	29249156
Afghanistan	AFG	2012	61.9		30466484
Afghanistan	AFG	2013	62.4		31541216
Afghanistan	AFG	2014	62.5	3.575	32716214
Afghanistan	AFG	2015	62.7	3.36	33753500
Afghanistan	AFG	2016	63.1	3.794	34636212
Afghanistan	AFG	2017	63	3.6315	35643420
Afghanistan	AFG	2018	63.1	3.2033	36686788
Afghanistan	AFG	2019	63.6	2.5669	37769496
Afghanistan	AFG	2020	62.6	2.5229	38972236
Afghanistan	AFG	2021	62	2.4038	40099460
Akrotiri and Dhekelia	OWID_AKD	2015			
Aland Islands	ALA	2015			
Albania	ALB	2011	78.1	5.133704	2900660
Albania	ALB	2012	78.1		2892191
Albania	ALB	2013	78.1		2887019
Albania	ALB	2014	78.4	4.959	2884100
Albania	ALB	2015	78.6	4.655	2882482
Albania	ALB	2016	78.9	4.644	2881064
Albania	ALB	2017	79	4.586	2879361
Albania	ALB	2018	79.2	4.7186	2877019
Albania	ALB	2019	79.3	4.8827	2873883
Albania	ALB	2020	77	5.1174	2866850
Albania	ALB	2021	76.5	5.1988	2854710
Algeria	DZA	2011	74.1	5.367827	36543548
Algeria	DZA	2012	74.2		37260568
Algeria	DZA	2013	74.6		38000628
Algeria	DZA	2014	75.1	5.605	38760168
Algeria	DZA	2015	75.6	6.355	39543148
Algeria	DZA	2016	75.7	5.872	40339328
Algeria	DZA	2017	75.7	5.2946	41136548
Algeria	DZA	2018	76.1	5.2113	41927008
Algeria	DZA	2019	76.5	5.0051	42705372
Algeria	DZA	2020	74.5	4.8871	43451668
Algeria	DZA	2021	76.4	5.1223	44177964
American Samoa	ASM	2011	72.1		54334
American Samoa	ASM	2012	72.3		53718
American Samoa	ASM	2013	72.3		53017
American Samoa	ASM	2014	72.3		52234
American Samoa	ASM	2015	72.5		51391
American Samoa	ASM	2016	72.4		50468
American Samoa	ASM	2017	72.5		49486
American Samoa	ASM	2018	72.5		48445
American Samoa	ASM	2019	72.3		47341
American Samoa	ASM	2020	72.4		46216
American Samoa	ASM	2021	72.5		45056
Andorra	AND	2011	82.9		70587
Andorra	AND	2012	82.9		71035
Andorra	AND	2013	82.9		71385
Andorra	AND	2014	82.9		71644
Andorra	AND	2015	83		71766
Andorra	AND	2016	83		72563
Andorra	AND	2017	83		73853
Andorra	AND	2018	83		75034
Andorra	AND	2019	83		76361
Andorra	AND	2020	79		77723
Andorra	AND	2021	80.4		79057
Angola	AGO	2011	57.6	4.17838	24259120
Angola	AGO	2012	58.6		25188298
Angola	AGO	2013	59.3		26147012
Angola	AGO	2014	60	4.033	27128340
Angola	AGO	2015	60.7	3.866	28127724
Angola	AGO	2016	61.1	3.795	29154742
Angola	AGO	2017	61.7	3.7948	30208634
Angola	AGO	2018	62.1		31273538
Angola	AGO	2019	62.4		32353592
Angola	AGO	2020	62.3		33428490
Angola	AGO	2021	61.6		34503776
Anguilla	AIA	2011	77.9		13363
Anguilla	AIA	2012	77.8		13479
Anguilla	AIA	2013	77.6		13727
Anguilla	AIA	2014	77.4		14143
Anguilla	AIA	2015	77.1		14554
Anguilla	AIA	2016	76.8		14842
Anguilla	AIA	2017	75.9		15040
Anguilla	AIA	2018	76.8		15201
Anguilla	AIA	2019	76.9		15408
Anguilla	AIA	2020	76.9		15612
Anguilla	AIA	2021	76.6		15779
Antarctica	ATA	2015			
Antigua and Barbuda	ATG	2011	77.1		86749
Antigua and Barbuda	ATG	2012	77.4		87688
Antigua and Barbuda	ATG	2013	77.6		88512
Antigua and Barbuda	ATG	2014	77.9		89252
Antigua and Barbuda	ATG	2015	77.9		89958
Antigua and Barbuda	ATG	2016	78.2		90575
Antigua and Barbuda	ATG	2017	78.3		91133
Antigua and Barbuda	ATG	2018	78.5		91644
Antigua and Barbuda	ATG	2019	78.7		92127
Antigua and Barbuda	ATG	2020	78.8		92672
Antigua and Barbuda	ATG	2021	78.5		93229
Argentina	ARG	2011	76.1	6.242357	41520736
Argentina	ARG	2012	76.5		41952364
Argentina	ARG	2013	76.5		42388268
Argentina	ARG	2014	76.8	6.574	42824064
Argentina	ARG	2015	76.8	6.65	43257064
Argentina	ARG	2016	76.3	6.599	43668236
Argentina	ARG	2017	76.8	6.388	44054616
Argentina	ARG	2018	77	6.0863	44413592
Argentina	ARG	2019	77.3	5.9747	44745516
Argentina	ARG	2020	75.9	5.9293	45036032
Argentina	ARG	2021	75.4	5.967	45276788
Armenia	ARM	2011	73.3	4.473529	2928984
Armenia	ARM	2012	73.5		2914428
Armenia	ARM	2013	73.7		2901386
Armenia	ARM	2014	74.1	4.35	2889937
Armenia	ARM	2015	74.4	4.36	2878598
Armenia	ARM	2016	74.7	4.376	2865841
Armenia	ARM	2017	74.9	4.3206	2851929
Armenia	ARM	2018	75.1	4.5594	2836563
Armenia	ARM	2019	75.4	4.6768	2820604
Armenia	ARM	2020	72.2	5.2826	2805610
Armenia	ARM	2021	72	5.3986	2790971
Aruba	ABW	2011	75.5		101304
Aruba	ABW	2012	75.5		102126
Aruba	ABW	2013	75.6		102891
Aruba	ABW	2014	75.6		103607
Aruba	ABW	2015	75.7		104269
Aruba	ABW	2016	75.6		104890
Aruba	ABW	2017	75.9		105454
Aruba	ABW	2018	76.1		105980
Aruba	ABW	2019	76.2		106458
Aruba	ABW	2020	75.7		106597
Aruba	ABW	2021	74.6		106543
Australia	AUS	2011	82.1	7.344625	22357032
Australia	AUS	2012	82.3		22729272
Australia	AUS	2013	82.6		23111788
Australia	AUS	2014	82.6	7.284	23469578
Australia	AUS	2015	82.7	7.313	23820240
Australia	AUS	2016	82.9	7.284	24195706
Australia	AUS	2017	83	7.2721	24590336
Australia	AUS	2018	83.4	7.228	24979228
Australia	AUS	2019	83.1	7.2228	25357168
Australia	AUS	2020	84.3	7.1835	25670052
Australia	AUS	2021	84.5	7.1621	25921094
Austria	AUT	2011	80.8	7.227316	8391201
Austria	AUT	2012	80.8		8429641
Austria	AUT	2013	81.1		8479542
Austria	AUT	2014	81.4	7.2	8546066
Austria	AUT	2015	81.2	7.119	8642422
Austria	AUT	2016	81.6	7.006	8736491
Austria	AUT	2017	81.6	7.1394	8797497
Austria	AUT	2018	81.7	7.246	8840518
Austria	AUT	2019	81.9	7.2942	8879939
Austria	AUT	2020	81.5	7.2678	8907780
Austria	AUT	2021	81.6	7.163	8922086
Austria-Hungary	OWID_AUH	2015			
Azerbaijan	AZE	2011	70	4.581938	9359018
Azerbaijan	AZE	2012	70.4		9485577
Azerbaijan	AZE	2013	70.9		9614478
Azerbaijan	AZE	2014	71.1	5.212	9741879
Azerbaijan	AZE	2015	71.5	5.291	9863485
Azerbaijan	AZE	2016	72	5.234	9976254
Azerbaijan	AZE	2017	72.2	5.2006	10071569
Azerbaijan	AZE	2018	72.8	5.2077	10152524
Azerbaijan	AZE	2019	73.1	5.1648	10232761
Azerbaijan	AZE	2020	66.9	5.1708	10284952
Azerbaijan	AZE	2021	69.4	5.1734	10312992
Baden	OWID_BAD	2015			
Bahamas	BHS	2011	72.6		377956
Bahamas	BHS	2012	72.8		382073
Bahamas	BHS	2013	73		385660
Bahamas	BHS	2014	73.4		389137
Bahamas	BHS	2015	73.1		392707
Bahamas	BHS	2016	73.5		395986
Bahamas	BHS	2017	73.6		399027
Bahamas	BHS	2018	73.8		401911
Bahamas	BHS	2019	71.2		404563
Bahamas	BHS	2020	72.7		406478
Bahamas	BHS	2021	71.6		407920
Bahrain	BHR	2011	78.9	5.567952	1212086
Bahrain	BHR	2012	79.1		1224948
Bahrain	BHR	2013	79.2		1261683
Bahrain	BHR	2014	79.3	5.96	1311142
Bahrain	BHR	2015	79.4	6.218	1362157
Bahrain	BHR	2016	79.6	6.087	1409668
Bahrain	BHR	2017	79.7	6.1051	1456844
Bahrain	BHR	2018	79.9	6.1994	1487346
Bahrain	BHR	2019	80	6.2273	1494195
Bahrain	BHR	2020	79.2	6.6469	1477478
Bahrain	BHR	2021	78.8	6.6469	1463266
Bangladesh	BGD	2011	68.8	4.807098	150211008
Bangladesh	BGD	2012	69.6		152090656
Bangladesh	BGD	2013	69.6		154030144
Bangladesh	BGD	2014	70	4.694	155961312
Bangladesh	BGD	2015	70.5	4.643	157830000
Bangladesh	BGD	2016	71.1	4.608	159784576
Bangladesh	BGD	2017	71.8	4.5004	161793968
Bangladesh	BGD	2018	72.6	4.4558	163683952
Bangladesh	BGD	2019	72.8	4.8328	165516224
Bangladesh	BGD	2020	72	5.0246	167420944
Bangladesh	BGD	2021	72.4	5.1555	169356240
Barbados	BRB	2011	75.9		275501
Barbados	BRB	2012	76.1		276207
Barbados	BRB	2013	76.3		276873
Barbados	BRB	2014	76.5		277501
Barbados	BRB	2015	76.7		278095
Barbados	BRB	2016	76.8		278660
Barbados	BRB	2017	76.9		279199
Barbados	BRB	2018	77.1		279702
Barbados	BRB	2019	77.3		280193
Barbados	BRB	2020	77.4		280704
Barbados	BRB	2021	77.6		281204
Bavaria	OWID_BAV	2015			
Belarus	BLR	2011	71.5	5.566307	9706983
Belarus	BLR	2012	72.6		9693754
Belarus	BLR	2013	73		9691143
Belarus	BLR	2014	73.6	5.813	9693741
Belarus	BLR	2015	74	5.802	9700609
Belarus	BLR	2016	74.3	5.569	9708111
Belarus	BLR	2017	74.5	5.4833	9707874
Belarus	BLR	2018	74.6	5.3225	9695573
Belarus	BLR	2019	74.2	5.5399	9673971
Belarus	BLR	2020	72.5	5.5335	9633745
Belarus	BLR	2021	72.4	5.8215	9578172
Belgium	BEL	2011	80.4	7.113178	10955742
Belgium	BEL	2012	80.3		11031140
Belgium	BEL	2013	80.5		11103260
Belgium	BEL	2014	81.1	6.937	11176727
Belgium	BEL	2015	80.9	6.929	11248306
Belgium	BEL	2016	81.3	6.891	11316837
Belgium	BEL	2017	81.4	6.9269	11384491
Belgium	BEL	2018	81.5	6.923	11448598
Belgium	BEL	2019	81.8	6.8635	11510569
Belgium	BEL	2020	80.8	6.834	11561716
Belgium	BEL	2021	81.9	6.805	11611416
Belize	BLZ	2011	72.7	6.450644	329546
Belize	BLZ	2012	73.2		337067
Belize	BLZ	2013	73.7		344695
Belize	BLZ	2014	73.3		352343
Belize	BLZ	2015	73.2	5.956	359884
Belize	BLZ	2016	73.4	5.956	367327
Belize	BLZ	2017	73.6	5.9556	374702
Belize	BLZ	2018	73.7		382076
Belize	BLZ	2019	73.9		389103
Belize	BLZ	2020	72.9		394931
Belize	BLZ	2021	70.5		400037
Benin	BEN	2011	58.5	3.492997	9726385
Benin	BEN	2012	58.7		10014087
Benin	BEN	2013	59		10308730
Benin	BEN	2014	59.1	3.34	10614845
Benin	BEN	2015	59.4	3.484	10932791
Benin	BEN	2016	59.5	3.657	11260091
Benin	BEN	2017	59.9	4.1414	11596786
Benin	BEN	2018	60.1	4.8832	11940688
Benin	BEN	2019	60.5	5.216	12290443
Benin	BEN	2020	60.1	5.0452	12643121
Benin	BEN	2021	59.8	4.6232	12996901
Bermuda	BMU	2011	81.4		63554
Bermuda	BMU	2012	81.3		63581
Bermuda	BMU	2013	80		63527
Bermuda	BMU	2014	79.5		63375
Bermuda	BMU	2015	80.9		63165
Bermuda	BMU	2016	80.6		63090
Bermuda	BMU	2017	82.4		63295
Bermuda	BMU	2018	80.8		63591
Bermuda	BMU	2019	81		63833
Bermuda	BMU	2020	81.1		64051
Bermuda	BMU	2021	79.3		64213
Bhutan	BTN	2011	68.9		713338
Bhutan	BTN	2012	69.3		721154
Bhutan	BTN	2013	69.7		728898
Bhutan	BTN	2014	70	5.253	736362
Bhutan	BTN	2015	70.3	5.196	743284
Bhutan	BTN	2016	70.6	5.011	749764
Bhutan	BTN	2017	70.8	5.0821	756130
Bhutan	BTN	2018	71.1	5.0821	762104
Bhutan	BTN	2019	71.4		767467
Bhutan	BTN	2020	71.6		772512
Bhutan	BTN	2021	71.8		777500
Bolivia	BOL	2011	66.5	5.633493	10396249
Bolivia	BOL	2012	66.7		10569697
Bolivia	BOL	2013	67		10743352
Bolivia	BOL	2014	67.2	5.89	10916991
Bolivia	BOL	2015	67.3	5.822	11090090
Bolivia	BOL	2016	67.6	5.823	11263016
Bolivia	BOL	2017	67.7	5.7519	11435535
Bolivia	BOL	2018	67.7	5.7793	11606906
Bolivia	BOL	2019	67.8	5.7475	11777318
Bolivia	BOL	2020	64.5	5.7159	11936169
Bolivia	BOL	2021	63.6	5.6003	12079474
Bonaire Sint Eustatius and Saba	BES	2011	76.5		20897
Bonaire Sint Eustatius and Saba	BES	2012	75.2		21469
Bonaire Sint Eustatius and Saba	BES	2013	75.5		22026
Bonaire Sint Eustatius and Saba	BES	2014	76.6		22599
Bonaire Sint Eustatius and Saba	BES	2015	77.5		23193
Bonaire Sint Eustatius and Saba	BES	2016	75.5		23793
Bonaire Sint Eustatius and Saba	BES	2017	77.3		24392
Bonaire Sint Eustatius and Saba	BES	2018	75.6		24995
Bonaire Sint Eustatius and Saba	BES	2019	76.4		25597
Bonaire Sint Eustatius and Saba	BES	2020	75.9		26178
Bonaire Sint Eustatius and Saba	BES	2021	75.1		26730
Bosnia and Herzegovina	BIH	2011	77	4.857435	3743143
Bosnia and Herzegovina	BIH	2012	77.2		3674376
Bosnia and Herzegovina	BIH	2013	76.3		3617564
Bosnia and Herzegovina	BIH	2014	75.7	4.949	3571070
Bosnia and Herzegovina	BIH	2015	76.2	5.163	3524328
Bosnia and Herzegovina	BIH	2016	76.8	5.182	3480985
Bosnia and Herzegovina	BIH	2017	76.9	5.1294	3440025
Bosnia and Herzegovina	BIH	2018	77.1	5.3865	3400132
Bosnia and Herzegovina	BIH	2019	77.2	5.6741	3360718
Bosnia and Herzegovina	BIH	2020	76.2	5.8131	3318410
Bosnia and Herzegovina	BIH	2021	75.3	5.768	3270948
Botswana	BWA	2011	60.5	4.580534	2134043
Botswana	BWA	2012	60.8		2175429
Botswana	BWA	2013	62		2217285
Botswana	BWA	2014	62.6	4.332	2260383
Botswana	BWA	2015	63.8	3.974	2305177
Botswana	BWA	2016	65.5	3.766	2352419
Botswana	BWA	2017	66.8	3.5898	2401848
Botswana	BWA	2018	65.4	3.4884	2451411
Botswana	BWA	2019	65.5	3.4789	2499705
Botswana	BWA	2020	65.6	3.4665	2546404
Botswana	BWA	2021	61.1	3.4711	2588424
Bouvet Island	BVT	2015			
Brazil	BRA	2011	73.3	6.697499	198185296
Brazil	BRA	2012	73.6		199977712
Brazil	BRA	2013	73.9		201721776
Brazil	BRA	2014	74.3	6.983	203459648
Brazil	BRA	2015	74.3	6.952	205188208
Brazil	BRA	2016	74.4	6.635	206859584
Brazil	BRA	2017	74.8	6.4189	208504960
Brazil	BRA	2018	75.1	6.2998	210166592
Brazil	BRA	2019	75.3	6.3756	211782880
Brazil	BRA	2020	74	6.3301	213196304
Brazil	BRA	2021	72.8	6.2928	214326224
British Indian Ocean Territory	IOT	2015			
British Virgin Islands	VGB	2011	75.5		27984
British Virgin Islands	VGB	2012	75.5		28440
British Virgin Islands	VGB	2013	75.6		28683
British Virgin Islands	VGB	2014	75.6		29000
British Virgin Islands	VGB	2015	75.7		29394
British Virgin Islands	VGB	2016	75.7		29763
British Virgin Islands	VGB	2017	74.8		30084
British Virgin Islands	VGB	2018	75.8		30359
British Virgin Islands	VGB	2019	75.9		30631
British Virgin Islands	VGB	2020	75.8		30934
British Virgin Islands	VGB	2021	74.5		31145
Brunei	BRN	2011	74.9		401515
Brunei	BRN	2012	74.8		406637
Brunei	BRN	2013	74.8		411704
Brunei	BRN	2014	74.8		416670
Brunei	BRN	2015	74.7		421449
Brunei	BRN	2016	74.7		426001
Brunei	BRN	2017	74.7		430290
Brunei	BRN	2018	74.7		434283
Brunei	BRN	2019	74.7		438058
Brunei	BRN	2020	74.8		441736
Brunei	BRN	2021	74.6		445382
Bulgaria	BGR	2011	74.2	3.889474	7543128
Bulgaria	BGR	2012	74.4		7488347
Bulgaria	BGR	2013	74.8		7431169
Bulgaria	BGR	2014	74.5	4.218	7372142
Bulgaria	BGR	2015	74.6	4.217	7309255
Bulgaria	BGR	2016	74.8	4.714	7245982
Bulgaria	BGR	2017	74.8	4.9331	7182430
Bulgaria	BGR	2018	74.9	5.011	7117424
Bulgaria	BGR	2019	75.1	5.1015	7052536
Bulgaria	BGR	2020	73.6	5.2655	6979181
Bulgaria	BGR	2021	71.8	5.3709	6885864
Burkina Faso	BFA	2011	57.1	3.926028	16602652
Burkina Faso	BFA	2012	57.6		17113736
Burkina Faso	BFA	2013	57.8		17636414
Burkina Faso	BFA	2014	58.4	3.587	18169844
Burkina Faso	BFA	2015	58.8	3.739	18718022
Burkina Faso	BFA	2016	59.3	4.032	19275504
Burkina Faso	BFA	2017	59.5	4.4244	19835860
Burkina Faso	BFA	2018	60	4.5868	20392730
Burkina Faso	BFA	2019	60	4.7687	20951638
Burkina Faso	BFA	2020	59.7	4.8338	21522632
Burkina Faso	BFA	2021	59.3	4.6705	22100690
Burundi	BDI	2011	57.8	3.67756	9455737
Burundi	BDI	2012	58.5		9795479
Burundi	BDI	2013	59.2		10149583
Burundi	BDI	2014	59.9	2.905	10494920
Burundi	BDI	2015	60.2	2.905	10727153
Burundi	BDI	2016	60.8	2.905	10903329
Burundi	BDI	2017	61.6	2.9045	11155592
Burundi	BDI	2018	61.7	3.7753	11493476
Burundi	BDI	2019	62.4	3.7753	11874838
Burundi	BDI	2020	61.6	3.7753	12220229
Burundi	BDI	2021	61.7		12551215
Cambodia	KHM	2011	68.4	4.100715	14573894
Cambodia	KHM	2012	68.9		14786650
Cambodia	KHM	2013	69.3		14999691
Cambodia	KHM	2014	69.7	3.819	15210817
Cambodia	KHM	2015	69.9	3.907	15417527
Cambodia	KHM	2016	70.2	4.168	15624586
Cambodia	KHM	2017	70.5	4.4326	15830694
Cambodia	KHM	2018	70.6	4.6998	16025242
Cambodia	KHM	2019	70.7	4.8484	16207746
Cambodia	KHM	2020	70.4	4.8304	16396864
Cambodia	KHM	2021	69.6	4.6403	16589031
Cameroon	CMR	2011	57.1	4.375735	20448880
Cameroon	CMR	2012	57.8		21032684
Cameroon	CMR	2013	58.5		21632852
Cameroon	CMR	2014	58.9	4.252	22299590
Cameroon	CMR	2015	59.7	4.513	23012650
Cameroon	CMR	2016	60.2	4.695	23711626
Cameroon	CMR	2017	60.8	4.9753	24393182
Cameroon	CMR	2018	61.2	5.0437	25076752
Cameroon	CMR	2019	61.6	5.0849	25782342
Cameroon	CMR	2020	60.8	5.1418	26491090
Cameroon	CMR	2021	60.3	5.0476	27198632
Canada	CAN	2011	81.5	7.499089	34323536
Canada	CAN	2012	81.7		34691876
Canada	CAN	2013	81.8		35063696
Canada	CAN	2014	81.9	7.427	35404616
Canada	CAN	2015	81.9	7.404	35732120
Canada	CAN	2016	82	7.316	36113532
Canada	CAN	2017	82	7.3285	36554344
Canada	CAN	2018	82.1	7.2781	37035260
Canada	CAN	2019	82.4	7.2321	37522584
Canada	CAN	2020	82	7.1033	37888704
Canada	CAN	2021	82.7	7.0251	38155012
Cape Verde	CPV	2011	74.3		527528
Cape Verde	CPV	2012	74.5		533877
Cape Verde	CPV	2013	75.1		539949
Cape Verde	CPV	2014	75.2		546083
Cape Verde	CPV	2015	74.6		552169
Cape Verde	CPV	2016	75.7		558399
Cape Verde	CPV	2017	76.6		564959
Cape Verde	CPV	2018	75.7		571209
Cape Verde	CPV	2019	76		577037
Cape Verde	CPV	2020	74.8		582646
Cape Verde	CPV	2021	74.1		587936
Cayman Islands	CYM	2011	75.1		55513
Cayman Islands	CYM	2012	75		56884
Cayman Islands	CYM	2013	74.9		58232
Cayman Islands	CYM	2014	74.8		59580
Cayman Islands	CYM	2015	74.8		60935
Cayman Islands	CYM	2016	74.9		62274
Cayman Islands	CYM	2017	74.9		63601
Cayman Islands	CYM	2018	75		64904
Cayman Islands	CYM	2019	75.1		66152
Cayman Islands	CYM	2020	75.1		67327
Cayman Islands	CYM	2021	75.1		68157
Central African Republic	CAF	2011	49.9	3.567892	4732037
Central African Republic	CAF	2012	50.7		4773306
Central African Republic	CAF	2013	50.9		4802437
Central African Republic	CAF	2014	50.6	3.678	4798739
Central African Republic	CAF	2015	52.8		4819341
Central African Republic	CAF	2016	53.5	2.693	4904182
Central African Republic	CAF	2017	53.7	3.083	4996741
Central African Republic	CAF	2018	54.4	3.083	5094795
Central African Republic	CAF	2019	55	3.4759	5209329
Central African Republic	CAF	2020	54.6		5343024
Central African Republic	CAF	2021	53.9		5457165
Chad	TCD	2011	50	3.919401	12317729
Chad	TCD	2012	50.5		12754912
Chad	TCD	2013	50.8		13216769
Chad	TCD	2014	51.2	3.667	13697128
Chad	TCD	2015	51.6	3.763	14140277
Chad	TCD	2016	52.1	3.936	14592587
Chad	TCD	2017	52.3	4.3006	15085893
Chad	TCD	2018	52.8	4.3495	15604213
Chad	TCD	2019	53.3	4.4227	16126868
Chad	TCD	2020	52.8	4.3554	16644707
Chad	TCD	2021	52.5	4.2508	17179744
Channel Islands	OWID_CIS	2015			
Chile	CHL	2011	79.1	6.12797	17173568
Chile	CHL	2012	79		17341770
Chile	CHL	2013	79.3		17509926
Chile	CHL	2014	79.5	6.67	17687108
Chile	CHL	2015	79.7	6.705	17870122
Chile	CHL	2016	80.1	6.652	18083880
Chile	CHL	2017	80.4	6.4762	18368582
Chile	CHL	2018	80.1	6.444	18701452
Chile	CHL	2019	80.3	6.2285	19039484
Chile	CHL	2020	79.4	6.1719	19300318
Chile	CHL	2021	78.9	6.1718	19493184
China	CHN	2011	75.9	4.679718	1357095424
China	CHN	2012	76.2		1366560768
China	CHN	2013	76.5		1376100352
China	CHN	2014	76.7	5.14	1385189632
China	CHN	2015	77	5.245	1393715456
China	CHN	2016	77.2	5.273	1401889664
China	CHN	2017	77.2	5.2458	1410275968
China	CHN	2018	77.7	5.1909	1417069440
China	CHN	2019	78	5.1239	1421864064
China	CHN	2020	78.1	5.3391	1424929792
China	CHN	2021	78.2	5.5853	1425893504
Christmas Island	CXR	2015			
Cocos Islands	CCK	2015			
Colombia	COL	2011	75.3	6.202322	45308896
Colombia	COL	2012	75.6		45782420
Colombia	COL	2013	75.8		46237928
Colombia	COL	2014	76	6.477	46677944
Colombia	COL	2015	76.3	6.481	47119728
Colombia	COL	2016	76.5	6.357	47625960
Colombia	COL	2017	76.6	6.2601	48351668
Colombia	COL	2018	76.7	6.1248	49276968
Colombia	COL	2019	76.8	6.1634	50187404
Colombia	COL	2020	74.8	6.0124	50930656
Colombia	COL	2021	72.8	5.7806	51516560
Comoros	COM	2011	61.5	3.700023	670081
Comoros	COM	2012	61.8		684564
Comoros	COM	2013	62.2		699397
Comoros	COM	2014	62.5	3.956	714617
Comoros	COM	2015	62.9	3.956	730221
Comoros	COM	2016	63.2		746239
Comoros	COM	2017	63.6		761672
Comoros	COM	2018	63.9	3.9728	776322
Comoros	COM	2019	64.1	4.2886	790993
Comoros	COM	2020	64.2	4.2886	806168
Comoros	COM	2021	63.4	4.6086	821632
Congo	COG	2011	62	3.819792	4584223
Congo	COG	2012	62.3		4713260
Congo	COG	2013	62.7		4828073
Congo	COG	2014	63	3.989	4944865
Congo	COG	2015	63.2	4.236	5064390
Congo	COG	2016	63.6	4.291	5186830
Congo	COG	2017	63.8	4.5587	5312347
Congo	COG	2018	64.1	4.8115	5441061
Congo	COG	2019	62.7	5.1944	5570736
Congo	COG	2020	63.8	5.3417	5702183
Congo	COG	2021	63.5	5.0752	5835814
Cook Islands	COK	2011	73.8		17795
Cook Islands	COK	2012	73.9		18029
Cook Islands	COK	2013	74.1		17940
Cook Islands	COK	2014	74.1		17842
Cook Islands	COK	2015	74.2		17720
Cook Islands	COK	2016	74.3		17572
Cook Islands	COK	2017	74.4		17417
Cook Islands	COK	2018	74.5		17276
Cook Islands	COK	2019	74.6		17133
Cook Islands	COK	2020	74.7		17050
Cook Islands	COK	2021	74.8		17028
Costa Rica	CRI	2011	79.3	7.251115	4679927
Costa Rica	CRI	2012	79.3		4736593
Costa Rica	CRI	2013	79.4		4791541
Costa Rica	CRI	2014	78.8	7.226	4844293
Costa Rica	CRI	2015	79.1	7.087	4895241
Costa Rica	CRI	2016	79.5	7.079	4945205
Costa Rica	CRI	2017	79.4	7.0717	4993849
Costa Rica	CRI	2018	79.5	7.1674	5040738
Costa Rica	CRI	2019	79.4	7.1214	5084527
Costa Rica	CRI	2020	79.3	7.0694	5123107
Costa Rica	CRI	2021	77	6.582	5153959
Cote d'Ivoire	CIV	2011	55.5	4.197182	21562916
Cote d'Ivoire	CIV	2012	56.2		22010708
Cote d'Ivoire	CIV	2013	56.7		22469272
Cote d'Ivoire	CIV	2014	57.2	3.655	22995554
Cote d'Ivoire	CIV	2015	57.8	3.916	23596738
Cote d'Ivoire	CIV	2016	58.1	4.18	24213620
Cote d'Ivoire	CIV	2017	58.5	4.6712	24848024
Cote d'Ivoire	CIV	2018	58.8	4.9438	25493990
Cote d'Ivoire	CIV	2019	59.3	5.2333	26147544
Cote d'Ivoire	CIV	2020	59	5.306	26811792
Cote d'Ivoire	CIV	2021	58.6	5.2346	27478250
Croatia	HRV	2011	77.2	5.622628	4351838
Croatia	HRV	2012	77.3		4331592
Croatia	HRV	2013	77.8		4308854
Croatia	HRV	2014	78	5.759	4283968
Croatia	HRV	2015	77.6	5.488	4254821
Croatia	HRV	2016	78.2	5.293	4223748
Croatia	HRV	2017	78.1	5.3212	4192468
Croatia	HRV	2018	78.3	5.4318	4160488
Croatia	HRV	2019	78.7	5.5047	4129749
Croatia	HRV	2020	78	5.8817	4096872
Croatia	HRV	2021	77.6	6.1252	4060139
Cuba	CUB	2011	77.8	5.417868	11298713
Cuba	CUB	2012	77.8		11309292
Cuba	CUB	2013	77.9		11321583
Cuba	CUB	2014	77.9		11332030
Cuba	CUB	2015	77.8		11339888
Cuba	CUB	2016	77.6		11342012
Cuba	CUB	2017	77.5		11336405
Cuba	CUB	2018	77.5		11328243
Cuba	CUB	2019	77.6		11316699
Cuba	CUB	2020	77.6		11300695
Cuba	CUB	2021	73.7		11256373
Curacao	CUW	2011	75.2		161681
Curacao	CUW	2012	75.5		163960
Curacao	CUW	2013	75.9		166148
Curacao	CUW	2014	75.8		168034
Curacao	CUW	2015	76.1		169588
Curacao	CUW	2016	76		170752
Curacao	CUW	2017	76.1		171543
Curacao	CUW	2018	76.1		184734
Curacao	CUW	2019	76.1		193119
Curacao	CUW	2020	76.1		189298
Curacao	CUW	2021	75.4		190348
Cyprus	CYP	2011	80	6.416459	1145090
Cyprus	CYP	2012	80.1		1156556
Cyprus	CYP	2013	80.4		1166972
Cyprus	CYP	2014	80.8	5.689	1176997
Cyprus	CYP	2015	81	5.546	1187286
Cyprus	CYP	2016	81.1	5.621	1197889
Cyprus	CYP	2017	81.3	5.7625	1208527
Cyprus	CYP	2018	81.4	6.0458	1218834
Cyprus	CYP	2019	81.4	6.159	1228840
Cyprus	CYP	2020	81.4	6.2235	1237540
Cyprus	CYP	2021	81.2	6.2209	1244193
Czechia	CZE	2011	77.8	6.35963	10496379
Czechia	CZE	2012	78		10511065
Czechia	CZE	2013	78.2		10514547
Czechia	CZE	2014	78.8	6.505	10517178
Czechia	CZE	2015	78.6	6.596	10523801
Czechia	CZE	2016	79	6.609	10527584
Czechia	CZE	2017	79	6.7109	10531315
Czechia	CZE	2018	79	6.8521	10534598
Czechia	CZE	2019	79.2	6.9109	10536876
Czechia	CZE	2020	78.6	6.9647	10530951
Czechia	CZE	2021	77.7	6.9198	10510748
Czechoslovakia	OWID_CZS	2015			
Democratic Republic of Congo	COD	2011	57.1	3.983849	68654272
Democratic Republic of Congo	COD	2012	57.2		70997872
Democratic Republic of Congo	COD	2013	57.8		73460032
Democratic Republic of Congo	COD	2014	58.3	4.517	76035592
Democratic Republic of Congo	COD	2015	58.5	4.272	78656904
Democratic Republic of Congo	COD	2016	59.1	4.28	81430976
Democratic Republic of Congo	COD	2017	59.4	4.2449	84283272
Democratic Republic of Congo	COD	2018	59.9	4.4181	87087352
Democratic Republic of Congo	COD	2019	60.3	4.311	89906896
Democratic Republic of Congo	COD	2020	59.7		92853168
Democratic Republic of Congo	COD	2021	59.2		95894120
Denmark	DNK	2011	79.8	7.85574	5576016
Denmark	DNK	2012	80.1		5600955
Denmark	DNK	2013	80.3		5625393
Denmark	DNK	2014	80.6	7.527	5650654
Denmark	DNK	2015	80.7	7.526	5677795
Denmark	DNK	2016	80.9	7.522	5706856
Denmark	DNK	2017	81.1	7.5553	5737286
Denmark	DNK	2018	81	7.6001	5766689
Denmark	DNK	2019	81.4	7.6456	5795879
Denmark	DNK	2020	81.5	7.6195	5825638
Denmark	DNK	2021	81.4	7.6362	5854246
Djibouti	DJI	2011	60.4	4.956731	936819
Djibouti	DJI	2012	60.8		954311
Djibouti	DJI	2013	61.2		971761
Djibouti	DJI	2014	61.6	4.369	989091
Djibouti	DJI	2015	62		1006266
Djibouti	DJI	2016	62.2		1023269
Djibouti	DJI	2017	62.8		1040242
Djibouti	DJI	2018	63		1057204
Djibouti	DJI	2019	63.1		1073999
Djibouti	DJI	2020	62.7		1090162
Djibouti	DJI	2021	62.3		1105562
Dominica	DMA	2011	69.7		68758
Dominica	DMA	2012	70.5		68908
Dominica	DMA	2013	68.9		68839
Dominica	DMA	2014	69.4		69388
Dominica	DMA	2015	68.7		70027
Dominica	DMA	2016	70.1		70098
Dominica	DMA	2017	67.5		70422
Dominica	DMA	2018	73.6		70840
Dominica	DMA	2019	73.6		71446
Dominica	DMA	2020	73.6		72011
Dominica	DMA	2021	72.8		72435
Dominican Republic	DOM	2011	72.2	5.036006	9903743
Dominican Republic	DOM	2012	72.5		10030885
Dominican Republic	DOM	2013	72.7		10157054
Dominican Republic	DOM	2014	72.9	4.885	10282116
Dominican Republic	DOM	2015	73	5.155	10405832
Dominican Republic	DOM	2016	73	5.23	10527589
Dominican Republic	DOM	2017	73.1	5.3018	10647247
Dominican Republic	DOM	2018	73.2	5.4253	10765532
Dominican Republic	DOM	2019	73.6	5.6892	10881886
Dominican Republic	DOM	2020	72.9	5.5451	10999668
Dominican Republic	DOM	2021	72.6	5.7372	11117873
East Germany	OWID_GDR	2015			
East Timor	TLS	2011	65.7		1112985
East Timor	TLS	2012	66.1		1137683
East Timor	TLS	2013	66.4		1161558
East Timor	TLS	2014	66.8		1184842
East Timor	TLS	2015	67.1		1205822
East Timor	TLS	2016	67.4		1224568
East Timor	TLS	2017	67.7		1243238
East Timor	TLS	2018	68		1261850
East Timor	TLS	2019	68.3		1280442
East Timor	TLS	2020	68.5		1299998
East Timor	TLS	2021	67.7		1320944
Ecuador	ECU	2011	75.7	5.424841	15237734
Ecuador	ECU	2012	76.1		15483884
Ecuador	ECU	2013	76.4		15722988
Ecuador	ECU	2014	76.6	5.975	15957995
Ecuador	ECU	2015	76.8	5.976	16195904
Ecuador	ECU	2016	76.8	6.008	16439588
Ecuador	ECU	2017	77	5.9732	16696947
Ecuador	ECU	2018	77.1	6.0276	17015672
Ecuador	ECU	2019	77.3	5.9252	17343742
Ecuador	ECU	2020	72.2	5.764	17588596
Ecuador	ECU	2021	73.7	5.5333	17797736
Egypt	EGY	2011	69.9	4.8534	89200056
Egypt	EGY	2012	70.1		91240384
Egypt	EGY	2013	70.1		93377896
Egypt	EGY	2014	70.4	4.194	95592328
Egypt	EGY	2015	70.5	4.362	97723792
Egypt	EGY	2016	70.8	4.735	99784032
Egypt	EGY	2017	71.3	4.4192	101789384
Egypt	EGY	2018	71.4	4.1655	103740768
Egypt	EGY	2019	71.4	4.1514	105618672
Egypt	EGY	2020	71	4.2827	107465128
Egypt	EGY	2021	70.2	4.2877	109262184
El Salvador	SLV	2011	71.9	5.955841	6137354
El Salvador	SLV	2012	71.8		6161293
El Salvador	SLV	2013	71.8		6185641
El Salvador	SLV	2014	71.7	6.13	6209528
El Salvador	SLV	2015	71.8	6.068	6231072
El Salvador	SLV	2016	72	6.003	6250513
El Salvador	SLV	2017	72.3	6.1668	6266661
El Salvador	SLV	2018	72.6	6.2531	6276340
El Salvador	SLV	2019	72.6	6.3483	6280222
El Salvador	SLV	2020	71.1	6.0605	6292734
El Salvador	SLV	2021	70.7	6.12	6314165
Equatorial Guinea	GNQ	2011	58.4		1144590
Equatorial Guinea	GNQ	2012	58.9		1193641
Equatorial Guinea	GNQ	2013	59.2		1243947
Equatorial Guinea	GNQ	2014	59.6		1295193
Equatorial Guinea	GNQ	2015	60.1		1346974
Equatorial Guinea	GNQ	2016	60.5		1398940
Equatorial Guinea	GNQ	2017	60.8		1450703
Equatorial Guinea	GNQ	2018	61.2		1502102
Equatorial Guinea	GNQ	2019	61.6		1553037
Equatorial Guinea	GNQ	2020	60.7		1596057
Equatorial Guinea	GNQ	2021	60.6		1634473
Eritrea	ERI	2011	64.4		3207574
Eritrea	ERI	2012	64.8		3252600
Eritrea	ERI	2013	65.1		3296370
Eritrea	ERI	2014	65.6		3323429
Eritrea	ERI	2015	66		3340005
Eritrea	ERI	2016	66.3		3365288
Eritrea	ERI	2017	66.6		3396933
Eritrea	ERI	2018	67.1		3445380
Eritrea	ERI	2019	67.3		3498819
Eritrea	ERI	2020	67.1		3555869
Eritrea	ERI	2021	66.5		3620324
Estonia	EST	2011	76.5	5.329978	1327435
Estonia	EST	2012	76.5		1322682
Estonia	EST	2013	77.1		1317985
Estonia	EST	2014	77.1	5.429	1314531
Estonia	EST	2015	77.7	5.517	1314658
Estonia	EST	2016	77.8	5.611	1315928
Estonia	EST	2017	78	5.7392	1317550
Estonia	EST	2018	78.1	5.8935	1322146
Estonia	EST	2019	78.7	6.0218	1327039
Estonia	EST	2020	78.3	6.1888	1329449
Estonia	EST	2021	77.1	6.3408	1328704
Eswatini	SWZ	2011	48.2		1105379
Eswatini	SWZ	2012	49.8		1111453
Eswatini	SWZ	2013	51.5		1118329
Eswatini	SWZ	2014	53	4.867	1125872
Eswatini	SWZ	2015	55		1133941
Eswatini	SWZ	2016	56.7		1142529
Eswatini	SWZ	2017	57.9		1151397
Eswatini	SWZ	2018	59.4	4.2116	1160430
Eswatini	SWZ	2019	60.5	4.3081	1169620
Eswatini	SWZ	2020	59.7	4.3081	1180663
Eswatini	SWZ	2021	57.1	4.3961	1192273
Ethiopia	ETH	2011	60.7	4.064207	91817936
Ethiopia	ETH	2012	61.5		94451280
Ethiopia	ETH	2013	62.4		97084376
Ethiopia	ETH	2014	62.9	4.512	99746768
Ethiopia	ETH	2015	63.6	4.508	102471896
Ethiopia	ETH	2016	64.4	4.46	105293232
Ethiopia	ETH	2017	64.8	4.3502	108197944
Ethiopia	ETH	2018	65.4	4.2858	111129440
Ethiopia	ETH	2019	65.8	4.1862	114120592
Ethiopia	ETH	2020	65.4	4.2747	117190920
Ethiopia	ETH	2021	65	4.2415	120283024
Ethiopia (former)	OWID_ERE	2015			
Falkland Islands	FLK	2011	78.1		3196
Falkland Islands	FLK	2012	78.2		3215
Falkland Islands	FLK	2013	78.3		3286
Falkland Islands	FLK	2014	78.5		3356
Falkland Islands	FLK	2015	78.2		3431
Falkland Islands	FLK	2016	78.4		3527
Falkland Islands	FLK	2017	78.5		3619
Falkland Islands	FLK	2018	78.5		3674
Falkland Islands	FLK	2019	78.7		3729
Falkland Islands	FLK	2020	78.4		3764
Falkland Islands	FLK	2021	78.6		3786
Faroe Islands	FRO	2011	78.2		48411
Faroe Islands	FRO	2012	78.9		48410
Faroe Islands	FRO	2013	78.8		48444
Faroe Islands	FRO	2014	79.9		48494
Faroe Islands	FRO	2015	79.7		48848
Faroe Islands	FRO	2016	80.2		49523
Faroe Islands	FRO	2017	78		50259
Faroe Islands	FRO	2018	78.4		50978
Faroe Islands	FRO	2019	78.4		51708
Faroe Islands	FRO	2020	79.4		52440
Faroe Islands	FRO	2021	79.3		52915
Fiji	FJI	2011	67.5		908359
Fiji	FJI	2012	67.6		911067
Fiji	FJI	2013	67.4		913467
Fiji	FJI	2014	67.4		915576
Fiji	FJI	2015	66.8		917209
Fiji	FJI	2016	67.2		918371
Fiji	FJI	2017	67.8		919022
Fiji	FJI	2018	67.8		919002
Fiji	FJI	2019	67.9		918472
Fiji	FJI	2020	67.9		920430
Fiji	FJI	2021	67.1		924615
Finland	FIN	2011	80.4	7.579009	5388173
Finland	FIN	2012	80.5		5413865
Finland	FIN	2013	80.9		5438873
Finland	FIN	2014	81	7.406	5461436
Finland	FIN	2015	81.4	7.413	5479457
Finland	FIN	2016	81.3	7.469	5495217
Finland	FIN	2017	81.5	7.6321	5508146
Finland	FIN	2018	81.6	7.7689	5515465
Finland	FIN	2019	81.9	7.8087	5521539
Finland	FIN	2020	81.9	7.8421	5529468
Finland	FIN	2021	82	7.821	5535982
France	FRA	2011	81.8	6.746459	62775272
France	FRA	2012	81.8		63071412
France	FRA	2013	82		63335180
France	FRA	2014	82.5	6.575	63588496
France	FRA	2015	82.2	6.478	63809768
France	FRA	2016	82.4	6.442	63989320
France	FRA	2017	82.5	6.4893	64144092
France	FRA	2018	82.6	6.5921	64277812
France	FRA	2019	82.7	6.6638	64399760
France	FRA	2020	82.2	6.6899	64480052
France	FRA	2021	82.5	6.6867	64531448
French Guiana	GUF	2011	76.3		233645
French Guiana	GUF	2012	76.5		239255
French Guiana	GUF	2013	76.5		245388
French Guiana	GUF	2014	76.7		251379
French Guiana	GUF	2015	76.7		257033
French Guiana	GUF	2016	76.7		262825
French Guiana	GUF	2017	76.8		269363
French Guiana	GUF	2018	76.8		276659
French Guiana	GUF	2019	76.9		284088
French Guiana	GUF	2020	77		290978
French Guiana	GUF	2021	74.9		297462
French Polynesia	PYF	2011	81.4		285275
French Polynesia	PYF	2012	81.8		286591
French Polynesia	PYF	2013	82		288037
French Polynesia	PYF	2014	82.2		289880
French Polynesia	PYF	2015	82.4		291796
French Polynesia	PYF	2016	82.5		293552
French Polynesia	PYF	2017	82.6		295456
French Polynesia	PYF	2018	82.8		297615
French Polynesia	PYF	2019	83		299730
French Polynesia	PYF	2020	82.2		301935
French Polynesia	PYF	2021	79.5		304038
French Southern Territories	ATF	2015			
Gabon	GAB	2011	64		1772508
Gabon	GAB	2012	64.6		1836711
Gabon	GAB	2013	64.8		1902230
Gabon	GAB	2014	65	3.896	1966858
Gabon	GAB	2015	65.5	4.121	2028524
Gabon	GAB	2016	65.8	4.465	2086210
Gabon	GAB	2017	66.2	4.7583	2140225
Gabon	GAB	2018	66.3	4.7992	2192013
Gabon	GAB	2019	66.6	4.8293	2242788
Gabon	GAB	2020	66.5	4.8518	2292583
Gabon	GAB	2021	65.8	4.9583	2341185
Gambia	GMB	2011	61.5		1998215
Gambia	GMB	2012	62.1		2061020
Gambia	GMB	2013	62.1		2124876
Gambia	GMB	2014	62.3		2189023
Gambia	GMB	2015	62.5		2253137
Gambia	GMB	2016	63		2317212
Gambia	GMB	2017	63		2381189
Gambia	GMB	2018	63	4.5163	2444916
Gambia	GMB	2019	63.8	4.7506	2508882
Gambia	GMB	2020	62.6	5.051	2574005
Gambia	GMB	2021	62.1	5.1636	2639922
Georgia	GEO	2011	72.4	3.892324	3821667
Georgia	GEO	2012	72.4		3804358
Georgia	GEO	2013	72.6		3786025
Georgia	GEO	2014	73.1	4.297	3774232
Georgia	GEO	2015	73.3	4.252	3771135
Georgia	GEO	2016	73.6	4.286	3771112
Georgia	GEO	2017	73.6	4.3405	3771904
Georgia	GEO	2018	73.3	4.5191	3772323
Georgia	GEO	2019	73.5	4.6726	3770814
Georgia	GEO	2020	72.8	4.8914	3765912
Georgia	GEO	2021	71.7	4.9732	3757984
Germany	DEU	2011	80.4	6.572111	81423384
Germany	DEU	2012	80.5		81545568
Germany	DEU	2013	80.5		81680592
Germany	DEU	2014	80.9	6.75	81858824
Germany	DEU	2015	80.6	6.994	82073232
Germany	DEU	2016	80.8	6.951	82331432
Germany	DEU	2017	80.9	6.9647	82624368
Germany	DEU	2018	81.2	6.985	82896696
Germany	DEU	2019	81.6	7.0758	83148144
Germany	DEU	2020	81.1	7.1545	83328992
Germany	DEU	2021	80.6	7.0341	83408560
Ghana	GHA	2011	61.7	4.704951	26205940
Ghana	GHA	2012	62.1		26858760
Ghana	GHA	2013	62.4		27525586
Ghana	GHA	2014	63	4.633	28196356
Ghana	GHA	2015	63.2	4.276	28870946
Ghana	GHA	2016	63.9	4.12	29554298
Ghana	GHA	2017	64	4.657	30222266
Ghana	GHA	2018	64.1	4.9963	30870648
Ghana	GHA	2019	64.7	5.148	31522294
Ghana	GHA	2020	64.1	5.0884	32180402
Ghana	GHA	2021	63.8	4.872	32833036
Gibraltar	GIB	2011	81.9		31725
Gibraltar	GIB	2012	83.4		32183
Gibraltar	GIB	2013	80.6		32437
Gibraltar	GIB	2014	81.9		32478
Gibraltar	GIB	2015	80.4		32546
Gibraltar	GIB	2016	81.7		32590
Gibraltar	GIB	2017	81.8		32628
Gibraltar	GIB	2018	82.2		32677
Gibraltar	GIB	2019	82.4		32715
Gibraltar	GIB	2020	82.2		32739
Gibraltar	GIB	2021	79.3		32698
Greece	GRC	2011	80.5	6.132965	11004730
Greece	GRC	2012	80.3		10963633
Greece	GRC	2013	81		10914501
Greece	GRC	2014	81	4.857	10862972
Greece	GRC	2015	80.7	5.033	10806644
Greece	GRC	2016	81.2	5.227	10749742
Greece	GRC	2017	80.9	5.3579	10692230
Greece	GRC	2018	81.4	5.2867	10633275
Greece	GRC	2019	81.2	5.515	10574026
Greece	GRC	2020	80.9	5.7226	10512232
Greece	GRC	2021	80.1	5.9482	10445368
Greenland	GRL	2011	70.8		56310
Greenland	GRL	2012	71.4		56217
Greenland	GRL	2013	72		56116
Greenland	GRL	2014	71.9		55972
Greenland	GRL	2015	72.1		55916
Greenland	GRL	2016	72.2		55941
Greenland	GRL	2017	72.6		55951
Greenland	GRL	2018	72.2		55954
Greenland	GRL	2019	72.2		55955
Greenland	GRL	2020	72.3		56049
Greenland	GRL	2021	72.4		56266
Grenada	GRD	2011	75.3		114933
Grenada	GRD	2012	75		115930
Grenada	GRD	2013	75.1		116954
Grenada	GRD	2014	75		117986
Grenada	GRD	2015	75		118994
Grenada	GRD	2016	74.8		119973
Grenada	GRD	2017	74.8		120934
Grenada	GRD	2018	74.8		121853
Grenada	GRD	2019	74.9		122737
Grenada	GRD	2020	74.9		123672
Grenada	GRD	2021	74.9		124624
Guadeloupe	GLP	2011	81		403153
Guadeloupe	GLP	2012	81.6		402988
Guadeloupe	GLP	2013	81.4		402351
Guadeloupe	GLP	2014	81.8		400856
Guadeloupe	GLP	2015	81.9		399094
Guadeloupe	GLP	2016	82.6		397861
Guadeloupe	GLP	2017	82.5		397027
Guadeloupe	GLP	2018	82.5		396273
Guadeloupe	GLP	2019	82.8		395487
Guadeloupe	GLP	2020	82.4		395649
Guadeloupe	GLP	2021	80.5		396057
Guam	GUM	2011	76.9		165662
Guam	GUM	2012	76.7		166404
Guam	GUM	2013	76.7		167067
Guam	GUM	2014	76.7		167555
Guam	GUM	2015	76.6		167996
Guam	GUM	2016	76.9		168362
Guam	GUM	2017	77.2		168619
Guam	GUM	2018	77.4		168696
Guam	GUM	2019	77.7		168632
Guam	GUM	2020	76.6		169245
Guam	GUM	2021	76.7		170546
Guatemala	GTM	2011	71.2	6.276682	14833458
Guatemala	GTM	2012	71.5		15128307
Guatemala	GTM	2013	71.7		15422663
Guatemala	GTM	2014	72	6.123	15713744
Guatemala	GTM	2015	72.1	6.324	16001105
Guatemala	GTM	2016	72.4	6.454	16291004
Guatemala	GTM	2017	72.6	6.3819	16578718
Guatemala	GTM	2018	72.7	6.4362	16850176
Guatemala	GTM	2019	73.1	6.3989	17106338
Guatemala	GTM	2020	71.8	6.4345	17362716
Guatemala	GTM	2021	69.2	6.2622	17608484
Guernsey	GGY	2011	82.9		61006
Guernsey	GGY	2012	82.4		61221
Guernsey	GGY	2013	82.4		61414
Guernsey	GGY	2014	82.8		61564
Guernsey	GGY	2015	82.3		61657
Guernsey	GGY	2016	82.6		61612
Guernsey	GGY	2017	82.1		61624
Guernsey	GGY	2018	82.3		61908
Guernsey	GGY	2019	82.4		62391
Guernsey	GGY	2020	82.2		62823
Guernsey	GGY	2021	82.2		63092
Guinea	GIN	2011	57	4.170938	10527711
Guinea	GIN	2012	57.4		10788696
Guinea	GIN	2013	57.8		11055433
Guinea	GIN	2014	57.9	3.656	11333362
Guinea	GIN	2015	58.1	3.607	11626003
Guinea	GIN	2016	58.8	3.507	11930991
Guinea	GIN	2017	59.1	3.9641	12240791
Guinea	GIN	2018	59.3	4.5344	12554871
Guinea	GIN	2019	59.7	4.9493	12877537
Guinea	GIN	2020	59.3	4.9843	13205157
Guinea	GIN	2021	58.9	4.8905	13531909
Guinea-Bissau	GNB	2011	57		1609025
Guinea-Bissau	GNB	2012	57.7		1652720
Guinea-Bissau	GNB	2013	58.2		1697757
Guinea-Bissau	GNB	2014	58.6		1743318
Guinea-Bissau	GNB	2015	59.1		1788931
Guinea-Bissau	GNB	2016	59.7		1834554
Guinea-Bissau	GNB	2017	60.1		1879835
Guinea-Bissau	GNB	2018	60.5		1924954
Guinea-Bissau	GNB	2019	60.9		1970460
Guinea-Bissau	GNB	2020	60		2015839
Guinea-Bissau	GNB	2021	59.7		2060730
Guyana	GUY	2011	67	5.992826	744235
Guyana	GUY	2012	67.2		743970
Guyana	GUY	2013	67.5		747424
Guyana	GUY	2014	67.9		751126
Guyana	GUY	2015	68.2		755043
Guyana	GUY	2016	68.4		759097
Guyana	GUY	2017	68.7		763265
Guyana	GUY	2018	68.9		785518
Guyana	GUY	2019	69.1		798761
Guyana	GUY	2020	68.5		797207
Guyana	GUY	2021	65.7		804571
Haiti	HTI	2011	61.6	3.788652	9954318
Haiti	HTI	2012	62.3		10108541
Haiti	HTI	2013	62.6		10261205
Haiti	HTI	2014	63	4.518	10412741
Haiti	HTI	2015	63.2	4.028	10563762
Haiti	HTI	2016	63.4	3.603	10713845
Haiti	HTI	2017	63.9	3.582	10863546
Haiti	HTI	2018	64	3.5969	11012427
Haiti	HTI	2019	64.3	3.7208	11160441
Haiti	HTI	2020	64.1	3.6149	11306804
Haiti	HTI	2021	63.2		11447575
Hanover	OWID_HAN	2015			
Heard Island and McDonald Islands	HMD	2015			
Hesse Electoral	OWID_HSE	2015			
Hesse Grand Ducal	OWID_HSG	2015			
Honduras	HND	2011	71.4	5.564011	8622510
Honduras	HND	2012	71.7		8792370
Honduras	HND	2013	72		8960654
Honduras	HND	2014	72.3	4.788	9127851
Honduras	HND	2015	72.5	4.871	9294510
Honduras	HND	2016	72.6	5.181	9460798
Honduras	HND	2017	72.7	5.504	9626845
Honduras	HND	2018	72.8	5.8604	9792854
Honduras	HND	2019	72.9	5.9532	9958832
Honduras	HND	2020	71.5	5.9192	10121762
Honduras	HND	2021	70.1	6.0221	10278346
Hong Kong	HKG	2011	83.2	5.423889	7175370
Hong Kong	HKG	2012	83.6		7234062
Hong Kong	HKG	2013	83.8		7296820
Hong Kong	HKG	2014	84.1	5.474	7352180
Hong Kong	HKG	2015	84.3	5.458	7399845
Hong Kong	HKG	2016	84.5	5.472	7435925
Hong Kong	HKG	2017	84.9	5.4304	7461508
Hong Kong	HKG	2018	85.2	5.4304	7481563
Hong Kong	HKG	2019	85.3	5.5104	7496121
Hong Kong	HKG	2020	85.2	5.4767	7500955
Hong Kong	HKG	2021	85.5	5.4248	7494580
Hungary	HUN	2011	74.9	4.942787	9953247
Hungary	HUN	2012	75.2		9922133
Hungary	HUN	2013	75.7		9894637
Hungary	HUN	2014	75.8	4.8	9867906
Hungary	HUN	2015	75.7	5.145	9844250
Hungary	HUN	2016	76.2	5.324	9815106
Hungary	HUN	2017	76	5.62	9788940
Hungary	HUN	2018	76.2	5.7583	9776361
Hungary	HUN	2019	76.5	6.0004	9771799
Hungary	HUN	2020	75.7	5.9916	9750571
Hungary	HUN	2021	74.5	6.0859	9709784
Iceland	ISL	2011	82.2	6.888284	319308
Iceland	ISL	2012	82.6		320988
Iceland	ISL	2013	81.9		324036
Iceland	ISL	2014	82.6	7.561	327650
Iceland	ISL	2015	82.4	7.501	331068
Iceland	ISL	2016	82	7.504	335677
Iceland	ISL	2017	82.5	7.4952	343641
Iceland	ISL	2018	82.8	7.4936	352951
Iceland	ISL	2019	82.4	7.5045	360787
Iceland	ISL	2020	82.6	7.5539	366682
Iceland	ISL	2021	82.7	7.5575	370338
India	IND	2011	67.4	4.974501	1257621248
India	IND	2012	67.9		1274487168
India	IND	2013	68.5		1291132032
India	IND	2014	69.1	4.565	1307246464
India	IND	2015	69.6	4.404	1322866560
India	IND	2016	70.1	4.315	1338636288
India	IND	2017	70.5	4.1898	1354195712
India	IND	2018	70.7	4.0152	1369003264
India	IND	2019	70.9	3.5733	1383112064
India	IND	2020	70.1	3.8189	1396387072
India	IND	2021	67.2	3.7771	1407563904
Indonesia	IDN	2011	68.8	5.158751	247099696
Indonesia	IDN	2012	69		250222688
Indonesia	IDN	2013	69.3		253275920
Indonesia	IDN	2014	69.5	5.399	256229760
Indonesia	IDN	2015	69.7	5.314	259091968
Indonesia	IDN	2016	69.8	5.262	261850176
Indonesia	IDN	2017	69.9	5.0926	264498848
Indonesia	IDN	2018	70.3	5.1924	267066848
Indonesia	IDN	2019	70.5	5.2856	269582880
Indonesia	IDN	2020	68.8	5.3445	271857984
Indonesia	IDN	2021	67.6	5.2396	273753184
Iran	IRN	2011	73.7	5.149403	76342968
Iran	IRN	2012	74.2		77324448
Iran	IRN	2013	74.4		78458928
Iran	IRN	2014	74.8	4.686	79961672
Iran	IRN	2015	75.1	4.813	81790848
Iran	IRN	2016	75.6	4.692	83306232
Iran	IRN	2017	76	4.7066	84505080
Iran	IRN	2018	76.2	4.548	85617560
Iran	IRN	2019	76.1	4.6724	86564208
Iran	IRN	2020	74.8	4.7212	87290192
Iran	IRN	2021	73.9	4.8879	87923432
Iraq	IRQ	2011	67.7	4.881612	32378066
Iraq	IRQ	2012	68		33864452
Iraq	IRQ	2013	68.3		35481804
Iraq	IRQ	2014	68.9	4.677	36746484
Iraq	IRQ	2015	69.4	4.575	37757812
Iraq	IRQ	2016	69	4.497	38697940
Iraq	IRQ	2017	70.4	4.4556	39621156
Iraq	IRQ	2018	71.5	4.4372	40590700
Iraq	IRQ	2019	71.6	4.7848	41563524
Iraq	IRQ	2020	69.1	4.8541	42556988
Iraq	IRQ	2021	70.4	4.9409	43533592
Ireland	IRL	2011	80.6	7.284488	4544504
Ireland	IRL	2012	80.8		4564550
Ireland	IRL	2013	81		4588830
Ireland	IRL	2014	81.3	6.94	4622165
Ireland	IRL	2015	81.4	6.907	4665764
Ireland	IRL	2016	81.5	6.977	4715791
Ireland	IRL	2017	81.9	6.9771	4771860
Ireland	IRL	2018	82.1	7.0211	4834506
Ireland	IRL	2019	82.3	7.0937	4896021
Ireland	IRL	2020	82.5	7.0853	4946123
Ireland	IRL	2021	82	7.0408	4986525
Isle of Man	IMN	2011	79.2		84360
Isle of Man	IMN	2012	79.3		84352
Isle of Man	IMN	2013	79.5		84167
Isle of Man	IMN	2014	80		83916
Isle of Man	IMN	2015	78.9		83614
Isle of Man	IMN	2016	80.3		83472
Isle of Man	IMN	2017	80.5		83596
Isle of Man	IMN	2018	80.6		83792
Isle of Man	IMN	2019	80.7		83950
Isle of Man	IMN	2020	80.6		84063
Isle of Man	IMN	2021	80.5		84286
Israel	ISR	2011	81.7	7.198713	7459750
Israel	ISR	2012	81.7		7592099
Israel	ISR	2013	82.1		7726675
Israel	ISR	2014	82.2	7.278	7863849
Israel	ISR	2015	82.1	7.267	8007777
Israel	ISR	2016	82.5	7.213	8159015
Israel	ISR	2017	82.7	7.19	8309256
Israel	ISR	2018	82.8	7.1387	8456487
Israel	ISR	2019	82.8	7.1286	8607922
Israel	ISR	2020	82.4	7.1571	8757487
Israel	ISR	2021	82.3	7.3638	8900057
Italy	ITA	2011	82.2	6.578179	60025952
Italy	ITA	2012	82.3		60190152
Italy	ITA	2013	82.7		60312600
Italy	ITA	2014	82.9	5.948	60322792
Italy	ITA	2015	82.5	5.977	60232908
Italy	ITA	2016	83	5.964	60118628
Italy	ITA	2017	82.7	6.0004	60004024
Italy	ITA	2018	83.2	6.2234	59877432
Italy	ITA	2019	83.6	6.3874	59727936
Italy	ITA	2020	82.4	6.4831	59500576
Italy	ITA	2021	82.9	6.4667	59240336
Jamaica	JAM	2011	73.1	6.207882	2746169
Jamaica	JAM	2012	73.4		2759819
Jamaica	JAM	2013	73.4		2773134
Jamaica	JAM	2014	73	5.709	2784542
Jamaica	JAM	2015	72.4	5.51	2794455
Jamaica	JAM	2016	72	5.311	2802699
Jamaica	JAM	2017	71.9	5.8898	2808388
Jamaica	JAM	2018	71.8	5.8898	2811842
Jamaica	JAM	2019	71.8	5.8898	2813776
Jamaica	JAM	2020	71.9	6.3092	2820438
Jamaica	JAM	2021	70.5	5.8496	2827701
Japan	JPN	2011	82.7	6.059098	128007256
Japan	JPN	2012	83.2		127853688
Japan	JPN	2013	83.4		127678920
Japan	JPN	2014	83.7	5.987	127476728
Japan	JPN	2015	83.9	5.921	127250936
Japan	JPN	2016	84.1	5.92	126993856
Japan	JPN	2017	84.2	5.915	126662464
Japan	JPN	2018	84.3	5.8861	126255872
Japan	JPN	2019	84.4	5.8708	125791680
Japan	JPN	2020	84.7	5.9405	125244760
Japan	JPN	2021	84.8	6.0389	124612528
Jersey	JEY	2011	81		96853
Jersey	JEY	2012	80.7		97438
Jersey	JEY	2013	81		98427
Jersey	JEY	2014	81.3		99390
Jersey	JEY	2015	80.9		100572
Jersey	JEY	2016	80.6		102152
Jersey	JEY	2017	80.9		103623
Jersey	JEY	2018	80.8		105387
Jersey	JEY	2019	80.8		107055
Jersey	JEY	2020	80.7		108332
Jersey	JEY	2021	80.7		109634
Jordan	JOR	2011	74.2	5.706185	7109980
Jordan	JOR	2012	74.4		7211866
Jordan	JOR	2013	74.6		7694818
Jordan	JOR	2014	74.8	5.192	8658030
Jordan	JOR	2015	75	5.303	9494250
Jordan	JOR	2016	75.2	5.336	9964659
Jordan	JOR	2017	75.5	5.1607	10215384
Jordan	JOR	2018	75.8	4.9057	10459864
Jordan	JOR	2019	76	4.6334	10698682
Jordan	JOR	2020	75.2	4.3946	10928723
Jordan	JOR	2021	74.3	4.1521	11148288
Kazakhstan	KAZ	2011	68.7	5.594488	16864920
Kazakhstan	KAZ	2012	69.1		17102868
Kazakhstan	KAZ	2013	69.8		17345734
Kazakhstan	KAZ	2014	70.3	5.855	17592296
Kazakhstan	KAZ	2015	70.7	5.919	17835908
Kazakhstan	KAZ	2016	70.9	5.819	18078558
Kazakhstan	KAZ	2017	71.4	5.7901	18314822
Kazakhstan	KAZ	2018	71.5	5.8088	18538100
Kazakhstan	KAZ	2019	71.6	6.0579	18754260
Kazakhstan	KAZ	2020	70	6.1518	18979250
Kazakhstan	KAZ	2021	69.4	6.2341	19196468
Kenya	KEN	2011	61	4.180273	42635148
Kenya	KEN	2012	61.1		43725808
Kenya	KEN	2013	61.4		44792368
Kenya	KEN	2014	61.8	4.419	45831860
Kenya	KEN	2015	61.9	4.356	46851496
Kenya	KEN	2016	62.2	4.553	47894668
Kenya	KEN	2017	62.5	4.4097	48948140
Kenya	KEN	2018	62.7	4.5086	49953300
Kenya	KEN	2019	62.9	4.583	50951452
Kenya	KEN	2020	62.7	4.6066	51985780
Kenya	KEN	2021	61.4	4.543	53005616
Kiribati	KIR	2011	65.2		109887
Kiribati	KIR	2012	65.4		111630
Kiribati	KIR	2013	65.6		113316
Kiribati	KIR	2014	65.8		115002
Kiribati	KIR	2015	66.1		116717
Kiribati	KIR	2016	66.3		118529
Kiribati	KIR	2017	66.6		120378
Kiribati	KIR	2018	66.9		122276
Kiribati	KIR	2019	67.1		124252
Kiribati	KIR	2020	67.3		126473
Kiribati	KIR	2021	67.4		128883
Korea (former)	OWID_KRU	2015			
Kosovo	OWID_KOS	2011	77.7	5.420175	1799340
Kosovo	OWID_KOS	2012	78.3		1811418
Kosovo	OWID_KOS	2013	78.6		1805676
Kosovo	OWID_KOS	2014	78.9	5.589	1777812
Kosovo	OWID_KOS	2015	78.9	5.401	1759122
Kosovo	OWID_KOS	2016	79	5.279	1750724
Kosovo	OWID_KOS	2017	78.8	5.6621	1731670
Kosovo	OWID_KOS	2018	78.7	6.1	1709966
Kosovo	OWID_KOS	2019	79	6.3252	1686856
Kosovo	OWID_KOS	2020	76.6	6.372	1670702
Kosovo	OWID_KOS	2021	76.8	6.4551	1662022
Kuwait	KWT	2011	78.5	6.574075	3143827
Kuwait	KWT	2012	78.8		3394668
Kuwait	KWT	2013	79.2		3646520
Kuwait	KWT	2014	79.4	6.295	3761590
Kuwait	KWT	2015	79.6	6.239	3908745
Kuwait	KWT	2016	79.7	6.105	4048090
Kuwait	KWT	2017	79.8	6.0834	4124904
Kuwait	KWT	2018	79.7	6.0207	4317190
Kuwait	KWT	2019	79.7	6.1021	4441105
Kuwait	KWT	2020	76.9	6.1061	4360451
Kuwait	KWT	2021	78.7	6.1061	4250111
Kyrgyzstan	KGZ	2011	68.6	4.828298	5552339
Kyrgyzstan	KGZ	2012	69		5631955
Kyrgyzstan	KGZ	2013	69.2		5719561
Kyrgyzstan	KGZ	2014	69.9	5.286	5814426
Kyrgyzstan	KGZ	2015	70	5.185	5914985
Kyrgyzstan	KGZ	2016	70.3	5.004	6018303
Kyrgyzstan	KGZ	2017	70.6	5.1308	6121266
Kyrgyzstan	KGZ	2018	70.7	5.2607	6223503
Kyrgyzstan	KGZ	2019	71.2	5.5415	6323643
Kyrgyzstan	KGZ	2020	69.6	5.7436	6424880
Kyrgyzstan	KGZ	2021	70	5.8285	6527742
Laos	LAO	2011	64.7	5.161074	6416331
Laos	LAO	2012	65.4		6508806
Laos	LAO	2013	65.7		6600736
Laos	LAO	2014	66.4	4.876	6691467
Laos	LAO	2015	66.7	4.876	6787420
Laos	LAO	2016	67.2		6891366
Laos	LAO	2017	67.4	4.6231	6997925
Laos	LAO	2018	67.6	4.7963	7105008
Laos	LAO	2019	68.1	4.8886	7212058
Laos	LAO	2020	68.5	5.03	7319397
Laos	LAO	2021	68.1	5.1403	7425055
Latvia	LVA	2011	73.7	4.76201	2076974
Latvia	LVA	2012	73.7		2053635
Latvia	LVA	2013	74.2		2031491
Latvia	LVA	2014	74.4	5.098	2011040
Latvia	LVA	2015	74.7	5.56	1991951
Latvia	LVA	2016	74.8	5.85	1973477
Latvia	LVA	2017	74.8	5.9331	1954861
Latvia	LVA	2018	75	5.9397	1935632
Latvia	LVA	2019	75.5	5.95	1916552
Latvia	LVA	2020	75.5	6.032	1897057
Latvia	LVA	2021	73.6	6.1804	1873926
Lebanon	LBN	2011	78.4	5.049216	5045061
Lebanon	LBN	2012	78.6		5178338
Lebanon	LBN	2013	78.8		5678859
Lebanon	LBN	2014	79	4.839	6274345
Lebanon	LBN	2015	79.2	5.129	6398941
Lebanon	LBN	2016	79.5	5.225	6258628
Lebanon	LBN	2017	79.7	5.1989	6109255
Lebanon	LBN	2018	79.7	5.1973	5950842
Lebanon	LBN	2019	79.2	4.7715	5781912
Lebanon	LBN	2020	77.8	4.5838	5662924
Lebanon	LBN	2021	75	2.9553	5592626
Lesotho	LSO	2011	46.7		2037687
Lesotho	LSO	2012	47.8		2054722
Lesotho	LSO	2013	49		2073948
Lesotho	LSO	2014	50	4.898	2095251
Lesotho	LSO	2015	51.1		2118532
Lesotho	LSO	2016	52.3	3.808	2143876
Lesotho	LSO	2017	53.1	3.8082	2170622
Lesotho	LSO	2018	53.7	3.8019	2198030
Lesotho	LSO	2019	54.2	3.6528	2225710
Lesotho	LSO	2020	54.7	3.5118	2254104
Lesotho	LSO	2021	53.1	3.5118	2281464
Liberia	LBR	2011	59.6	4.039651	4181148
Liberia	LBR	2012	59.9		4331749
Liberia	LBR	2013	59.9		4427319
Liberia	LBR	2014	59.1	4.571	4519410
Liberia	LBR	2015	59.1	3.622	4612330
Liberia	LBR	2016	60.4	3.533	4706106
Liberia	LBR	2017	60.6	3.4954	4796632
Liberia	LBR	2018	60.9	3.9753	4889396
Liberia	LBR	2019	61.1	4.5579	4985290
Liberia	LBR	2020	60.9	4.6252	5087591
Liberia	LBR	2021	60.7	5.1215	5193422
Libya	LBY	2011	70.1	5.177599	6188135
Libya	LBY	2012	72.2		5869880
Libya	LBY	2013	72.3		5985228
Libya	LBY	2014	71.5	5.754	6097767
Libya	LBY	2015	71.7	5.615	6192241
Libya	LBY	2016	71.8	5.525	6282202
Libya	LBY	2017	72.5	5.5657	6378267
Libya	LBY	2018	72.8	5.5253	6477791
Libya	LBY	2019	72.5	5.4888	6569085
Libya	LBY	2020	72.5	5.4103	6653946
Libya	LBY	2021	71.9	5.3302	6735280
Liechtenstein	LIE	2011	81.9		36213
Liechtenstein	LIE	2012	82.5		36526
Liechtenstein	LIE	2013	82.4		36836
Liechtenstein	LIE	2014	82.2		37120
Liechtenstein	LIE	2015	82.8		37378
Liechtenstein	LIE	2016	82.4		37630
Liechtenstein	LIE	2017	83.9		37916
Liechtenstein	LIE	2018	83.1		38205
Liechtenstein	LIE	2019	84.3		38500
Liechtenstein	LIE	2020	82.8		38783
Liechtenstein	LIE	2021	83.3		39058
Lithuania	LTU	2011	73.9	5.588069	3099800
Lithuania	LTU	2012	74.2		3063340
Lithuania	LTU	2013	74.3		3028191
Lithuania	LTU	2014	74.8	5.833	2994928
Lithuania	LTU	2015	74.6	5.813	2963764
Lithuania	LTU	2016	74.9	5.902	2933676
Lithuania	LTU	2017	75.4	5.9519	2904452
Lithuania	LTU	2018	75.7	6.149	2876128
Lithuania	LTU	2019	76.2	6.2155	2849083
Lithuania	LTU	2020	75.1	6.2554	2820269
Lithuania	LTU	2021	73.7	6.4456	2786652
Luxembourg	LUX	2011	80.8	7.050853	518207
Luxembourg	LUX	2012	81		530596
Luxembourg	LUX	2013	81.4		543068
Luxembourg	LUX	2014	81.7	6.946	556075
Luxembourg	LUX	2015	81.8	6.871	569415
Luxembourg	LUX	2016	82.1	6.863	583355
Luxembourg	LUX	2017	81.7	6.9099	596290
Luxembourg	LUX	2018	81.8	7.0903	607920
Luxembourg	LUX	2019	82.1	7.2375	619981
Luxembourg	LUX	2020	81.4	7.3244	630401
Luxembourg	LUX	2021	82.6	7.404	639330
Macao	MAC	2011	83.2		571014
Macao	MAC	2012	83.3		582776
Macao	MAC	2013	83.7		593382
Macao	MAC	2014	83.9		604163
Macao	MAC	2015	84		615243
Macao	MAC	2016	84.2		626694
Macao	MAC	2017	84.6		638612
Macao	MAC	2018	84.9		650996
Macao	MAC	2019	85		663660
Macao	MAC	2020	85.2		676287
Macao	MAC	2021	85.4		686616
Madagascar	MDG	2011	63.5	4.309328	22348158
Madagascar	MDG	2012	63.5		22966242
Madagascar	MDG	2013	64		23588078
Madagascar	MDG	2014	64.3	3.681	24215980
Madagascar	MDG	2015	64.3	3.695	24850912
Madagascar	MDG	2016	65	3.644	25501944
Madagascar	MDG	2017	65.1	3.7736	26169540
Madagascar	MDG	2018	65.3	3.9327	26846544
Madagascar	MDG	2019	65.9	4.1656	27533134
Madagascar	MDG	2020	65.2	4.2085	28225182
Madagascar	MDG	2021	64.5	4.3391	28915652
Malawi	MWI	2011	57.5	4.623671	15146095
Malawi	MWI	2012	58.7		15581250
Malawi	MWI	2013	59.7		16024775
Malawi	MWI	2014	60.9	4.292	16477972
Malawi	MWI	2015	61.4	4.156	16938944
Malawi	MWI	2016	62.2	3.97	17405624
Malawi	MWI	2017	63	3.5868	17881172
Malawi	MWI	2018	63.3	3.4098	18367886
Malawi	MWI	2019	64.1	3.538	18867340
Malawi	MWI	2020	63.7	3.6	19377058
Malawi	MWI	2021	62.9	3.7504	19889742
Malaysia	MYS	2011	74.7	5.823207	29184140
Malaysia	MYS	2012	74.9		29660216
Malaysia	MYS	2013	75		30134806
Malaysia	MYS	2014	75.1	5.77	30606454
Malaysia	MYS	2015	75.1	6.005	31068834
Malaysia	MYS	2016	75.3	6.084	31526414
Malaysia	MYS	2017	75.5	6.3221	31975812
Malaysia	MYS	2018	75.6	5.3388	32399270
Malaysia	MYS	2019	75.8	5.3843	32804024
Malaysia	MYS	2020	75.9	5.3843	33199988
Malaysia	MYS	2021	74.9	5.7113	33573872
Maldives	MDV	2011	78.1		374450
Maldives	MDV	2012	78.7		387552
Maldives	MDV	2013	79.1		400741
Maldives	MDV	2014	79.4		416746
Maldives	MDV	2015	79.7		435590
Maldives	MDV	2016	79.9		454263
Maldives	MDV	2017	79.9		472449
Maldives	MDV	2018	80		489773
Maldives	MDV	2019	80.1	5.1976	504518
Maldives	MDV	2020	79.9	5.1976	514451
Maldives	MDV	2021	79.9		521469
Mali	MLI	2011	56.8	3.966874	16039734
Mali	MLI	2012	57.1		16514689
Mali	MLI	2013	57.4		17004038
Mali	MLI	2014	57.9	3.995	17551824
Mali	MLI	2015	58.4	4.073	18112910
Mali	MLI	2016	58.7	4.19	18700108
Mali	MLI	2017	59.1	4.447	19311356
Mali	MLI	2018	59.4	4.3904	19934304
Mali	MLI	2019	59.7	4.7293	20567430
Mali	MLI	2020	58.6	4.7235	21224042
Mali	MLI	2021	58.9	4.479	21904990
Malta	MLT	2011	81.1	5.959978	423577
Malta	MLT	2012	81.4		429912
Malta	MLT	2013	82		437531
Malta	MLT	2014	82.7	6.302	446449
Malta	MLT	2015	83	6.488	456585
Malta	MLT	2016	83.1	6.527	467717
Malta	MLT	2017	83.6	6.6266	479507
Malta	MLT	2018	83.3	6.7256	491590
Malta	MLT	2019	83.2	6.7728	503646
Malta	MLT	2020	83.4	6.602	515364
Malta	MLT	2021	83.8	6.4469	526751
Marshall Islands	MHL	2011	63.3		52991
Marshall Islands	MHL	2012	63.4		52223
Marshall Islands	MHL	2013	63.5		51372
Marshall Islands	MHL	2014	63.6		50440
Marshall Islands	MHL	2015	63.8		49426
Marshall Islands	MHL	2016	64.1		48354
Marshall Islands	MHL	2017	64.3		47204
Marshall Islands	MHL	2018	64.5		46012
Marshall Islands	MHL	2019	64.7		44750
Marshall Islands	MHL	2020	65		43437
Marshall Islands	MHL	2021	65.3		42074
Martinique	MTQ	2011	82.1		389625
Martinique	MTQ	2012	82.2		386991
Martinique	MTQ	2013	82.4		384725
Martinique	MTQ	2014	82.3		384393
Martinique	MTQ	2015	82.2		383523
Martinique	MTQ	2016	82.2		380350
Martinique	MTQ	2017	82.3		377458
Martinique	MTQ	2018	82.6		374843
Martinique	MTQ	2019	82.8		372254
Martinique	MTQ	2020	83		370399
Martinique	MTQ	2021	80.7		368799
Mauritania	MRT	2011	63.3	4.64289	3524250
Mauritania	MRT	2012	63.6		3636122
Mauritania	MRT	2013	63.9		3742965
Mauritania	MRT	2014	64.2	4.436	3843181
Mauritania	MRT	2015	64.5	4.201	3946225
Mauritania	MRT	2016	64.8	4.292	4051896
Mauritania	MRT	2017	65.1	4.3555	4160018
Mauritania	MRT	2018	65.3	4.4903	4270717
Mauritania	MRT	2019	65.7	4.3746	4383853
Mauritania	MRT	2020	64.5	4.2274	4498605
Mauritania	MRT	2021	64.4	4.1526	4614981
Mauritius	MUS	2011	74.2	5.477073	1286239
Mauritius	MUS	2012	74.4		1288753
Mauritius	MUS	2013	74.7		1290698
Mauritius	MUS	2014	74.9	5.477	1292112
Mauritius	MUS	2015	75	5.648	1293159
Mauritius	MUS	2016	75	5.629	1293909
Mauritius	MUS	2017	74.9	5.8915	1294743
Mauritius	MUS	2018	74.9	5.8882	1295386
Mauritius	MUS	2019	75.1	6.1013	1296284
Mauritius	MUS	2020	74.3	6.049	1297830
Mauritius	MUS	2021	73.6	6.0711	1298922
Mayotte	MYT	2011	77.5		217393
Mayotte	MYT	2012	77.7		223586
Mayotte	MYT	2013	77.7		230990
Mayotte	MYT	2014	77.6		239717
Mayotte	MYT	2015	77.4		249555
Mayotte	MYT	2016	77.4		260296
Mayotte	MYT	2017	77.3		271576
Mayotte	MYT	2018	77.2		282968
Mayotte	MYT	2019	77.2		294502
Mayotte	MYT	2020	75.4		305591
Mayotte	MYT	2021	74.2		316022
Mecklenburg Schwerin	OWID_MEC	2015			
Mexico	MEX	2011	74.4	6.740288	114150480
Mexico	MEX	2012	74.6		115755912
Mexico	MEX	2013	74.7		117290680
Mexico	MEX	2014	74.8	7.187	118755888
Mexico	MEX	2015	74.7	6.778	120149896
Mexico	MEX	2016	74.4	6.578	121519224
Mexico	MEX	2017	74.1	6.4882	122839256
Mexico	MEX	2018	74	6.5945	124013864
Mexico	MEX	2019	74.2	6.465	125085312
Mexico	MEX	2020	70.1	6.3168	125998296
Mexico	MEX	2021	70.2	6.1276	126705136
Micronesia (country)	FSM	2011	71.3		107897
Micronesia (country)	FSM	2012	71.4		108248
Micronesia (country)	FSM	2013	71.5		108616
Micronesia (country)	FSM	2014	71.5		109039
Micronesia (country)	FSM	2015	71.4		109477
Micronesia (country)	FSM	2016	71.6		109934
Micronesia (country)	FSM	2017	71.5		110441
Micronesia (country)	FSM	2018	71.3		110945
Micronesia (country)	FSM	2019	71.1		111392
Micronesia (country)	FSM	2020	70.7		112119
Micronesia (country)	FSM	2021	70.7		113143
Modena	OWID_MOD	2015			
Moldova	MDA	2011	69.2	5.3054	3595135
Moldova	MDA	2012	69.1		3507197
Moldova	MDA	2013	69.1		3416532
Moldova	MDA	2014	69	5.889	3338338
Moldova	MDA	2015	69.2	5.897	3277390
Moldova	MDA	2016	69.9	5.838	3225125
Moldova	MDA	2017	70.5	5.6397	3180515
Moldova	MDA	2018	70.5	5.5285	3141839
Moldova	MDA	2019	70.9	5.6075	3109496
Moldova	MDA	2020	70.2	5.7664	3084848
Moldova	MDA	2021	68.8	5.8568	3061509
Monaco	MCO	2011	85.6		33971
Monaco	MCO	2012	84.5		34723
Monaco	MCO	2013	84.9		35449
Monaco	MCO	2014	84.9		36133
Monaco	MCO	2015	85.3		36781
Monaco	MCO	2016	85.7		37090
Monaco	MCO	2017	85.7		37069
Monaco	MCO	2018	86.5		37050
Monaco	MCO	2019	86.5		37059
Monaco	MCO	2020	86.5		36943
Monaco	MCO	2021	85.9		36713
Mongolia	MNG	2011	67.4	4.562082	2743946
Mongolia	MNG	2012	68.1		2792354
Mongolia	MNG	2013	68.6		2845160
Mongolia	MNG	2014	69	4.874	2902826
Mongolia	MNG	2015	69.5	4.907	2964756
Mongolia	MNG	2016	69.9	4.955	3029559
Mongolia	MNG	2017	70.2	5.1246	3096033
Mongolia	MNG	2018	71.2	5.2854	3163994
Mongolia	MNG	2019	71.8	5.4562	3232435
Mongolia	MNG	2020	72.1	5.6772	3294340
Mongolia	MNG	2021	71	5.7607	3347782
Montenegro	MNE	2011	76.1	5.146845	631801
Montenegro	MNE	2012	76.3		633053
Montenegro	MNE	2013	76.6		633951
Montenegro	MNE	2014	76.7	5.192	634301
Montenegro	MNE	2015	76.8	5.161	633969
Montenegro	MNE	2016	76.7	5.237	633264
Montenegro	MNE	2017	76.9	5.3475	632445
Montenegro	MNE	2018	77.2	5.5229	631459
Montenegro	MNE	2019	77	5.5461	630403
Montenegro	MNE	2020	76.3	5.5805	629058
Montenegro	MNE	2021	76.3	5.5468	627856
Montserrat	MSR	2011	74.4		4989
Montserrat	MSR	2012	74.6		4999
Montserrat	MSR	2013	74.7		5035
Montserrat	MSR	2014	74.9		5075
Montserrat	MSR	2015	75		5083
Montserrat	MSR	2016	75.1		5108
Montserrat	MSR	2017	75.2		4723
Montserrat	MSR	2018	75.2		4381
Montserrat	MSR	2019	75.4		4528
Montserrat	MSR	2020	75.3		4526
Montserrat	MSR	2021	75.6		4438
Morocco	MAR	2011	71.3	4.793151	32903708
Morocco	MAR	2012	71.7		33352166
Morocco	MAR	2013	72.1		33803528
Morocco	MAR	2014	72.5	5.013	34248608
Morocco	MAR	2015	72.9	5.151	34680456
Morocco	MAR	2016	73.3	5.235	35107272
Morocco	MAR	2017	73.7	5.2537	35528116
Morocco	MAR	2018	74	5.2081	35927516
Morocco	MAR	2019	74.3	5.0948	36304408
Morocco	MAR	2020	73.9	4.918	36688768
Morocco	MAR	2021	74	5.0599	37076588
Mozambique	MOZ	2011	54.9	4.692764	23760424
Mozambique	MOZ	2012	55.6		24487614
Mozambique	MOZ	2013	56.5		25251738
Mozambique	MOZ	2014	57.3	4.971	26038704
Mozambique	MOZ	2015	58.2		26843252
Mozambique	MOZ	2016	59	4.55	27696500
Mozambique	MOZ	2017	59.8	4.4166	28569448
Mozambique	MOZ	2018	60.5	4.4662	29423882
Mozambique	MOZ	2019	61.2	4.6236	30285602
Mozambique	MOZ	2020	61.2	4.7945	31178242
Mozambique	MOZ	2021	59.3	5.0483	32077074
Myanmar	MMR	2011	63.9	5.321977	49794528
Myanmar	MMR	2012	64.1		50218196
Myanmar	MMR	2013	64.8		50648336
Myanmar	MMR	2014	65.1	4.307	51072436
Myanmar	MMR	2015	65.6	4.395	51483956
Myanmar	MMR	2016	65.7	4.545	51892352
Myanmar	MMR	2017	65.8	4.3078	52288344
Myanmar	MMR	2018	66.5	4.3604	52666016
Myanmar	MMR	2019	66.6	4.308	53040212
Myanmar	MMR	2020	66.8	4.4258	53423200
Myanmar	MMR	2021	65.7	4.3942	53798088
Nagorno-Karabakh	OWID_NAG	2015			
Namibia	NAM	2011	56.6	4.885587	2132343
Namibia	NAM	2012	57.6		2167474
Namibia	NAM	2013	58.7		2204517
Namibia	NAM	2014	59.8		2243008
Namibia	NAM	2015	60.7	4.574	2282709
Namibia	NAM	2016	61.7	4.574	2323351
Namibia	NAM	2017	62.3	4.4413	2364540
Namibia	NAM	2018	62.6	4.6392	2405682
Namibia	NAM	2019	63.1	4.5711	2446648
Namibia	NAM	2020	62.8	4.5741	2489099
Namibia	NAM	2021	59.3	4.4594	2530150
Nauru	NRU	2011	60.2		10303
Nauru	NRU	2012	60.7		10464
Nauru	NRU	2013	61.2		10719
Nauru	NRU	2014	61.8		10965
Nauru	NRU	2015	62.3		11207
Nauru	NRU	2016	62.7		11463
Nauru	NRU	2017	63		11708
Nauru	NRU	2018	63.2		11949
Nauru	NRU	2019	63.5		12156
Nauru	NRU	2020	63.4		12339
Nauru	NRU	2021	63.6		12533
Nepal	NPL	2011	67.3	4.474119	27266398
Nepal	NPL	2012	67.5		27330696
Nepal	NPL	2013	68		27381558
Nepal	NPL	2014	68.1	4.514	27462110
Nepal	NPL	2015	67.5	4.793	27610328
Nepal	NPL	2016	68.8	4.962	27861186
Nepal	NPL	2017	68.9	4.8804	28183424
Nepal	NPL	2018	69	4.9127	28506718
Nepal	NPL	2019	69.6	5.1372	28832500
Nepal	NPL	2020	69.2	5.2689	29348626
Nepal	NPL	2021	68.4	5.3765	30034988
Netherlands	NLD	2011	81.1	7.512336	16701470
Netherlands	NLD	2012	81		16785296
Netherlands	NLD	2013	81.3		16867352
Netherlands	NLD	2014	81.6	7.378	16954080
Netherlands	NLD	2015	81.5	7.339	17041110
Netherlands	NLD	2016	81.5	7.377	17124512
Netherlands	NLD	2017	81.7	7.4413	17207204
Netherlands	NLD	2018	81.8	7.4876	17286042
Netherlands	NLD	2019	82	7.4489	17363260
Netherlands	NLD	2020	81.6	7.464	17434562
Netherlands	NLD	2021	81.7	7.4149	17501696
Netherlands Antilles	ANT	2015			
New Caledonia	NCL	2011	78.7		266312
New Caledonia	NCL	2012	79.2		271315
New Caledonia	NCL	2013	79.6		276404
New Caledonia	NCL	2014	79.2		280805
New Caledonia	NCL	2015	78.6		283041
New Caledonia	NCL	2016	79		283753
New Caledonia	NCL	2017	79.5		284358
New Caledonia	NCL	2018	79.9		284887
New Caledonia	NCL	2019	80.4		285374
New Caledonia	NCL	2020	80.8		286412
New Caledonia	NCL	2021	79		287809
New Zealand	NZL	2011	80.9	7.372486	4381274
New Zealand	NZL	2012	81.2		4410285
New Zealand	NZL	2013	81.7		4450641
New Zealand	NZL	2014	81.8	7.286	4514198
New Zealand	NZL	2015	82	7.334	4590591
New Zealand	NZL	2016	82.1	7.314	4668088
New Zealand	NZL	2017	82.2	7.3238	4746253
New Zealand	NZL	2018	82.4	7.3075	4838528
New Zealand	NZL	2019	82.6	7.2996	4959033
New Zealand	NZL	2020	82.7	7.2766	5061130
New Zealand	NZL	2021	82.5	7.1998	5129730
Nicaragua	NIC	2011	72.4	5.114866	5942554
Nicaragua	NIC	2012	72.6		6030605
Nicaragua	NIC	2013	72.7		6119377
Nicaragua	NIC	2014	72.8	5.828	6208680
Nicaragua	NIC	2015	73	5.992	6298610
Nicaragua	NIC	2016	73.3	6.071	6389237
Nicaragua	NIC	2017	73.6	6.141	6480534
Nicaragua	NIC	2018	73.8	6.105	6572234
Nicaragua	NIC	2019	74.1	6.1371	6663919
Nicaragua	NIC	2020	71.8	5.9721	6755900
Nicaragua	NIC	2021	73.8	6.1646	6850546
Niger	NER	2011	59	4.121817	17283118
Niger	NER	2012	59.6		17954410
Niger	NER	2013	60.2		18653204
Niger	NER	2014	60.8	3.845	19372012
Niger	NER	2015	61.1	3.856	20128132
Niger	NER	2016	61.6	4.028	20921748
Niger	NER	2017	62.2	4.1655	21737924
Niger	NER	2018	62.5	4.6275	22577060
Niger	NER	2019	62.9	4.9096	23443400
Niger	NER	2020	61.5	5.0741	24333644
Niger	NER	2021	61.6	5.0035	25252722
Nigeria	NGA	2011	51.4	4.855947	165463744
Nigeria	NGA	2012	51.5		170075936
Nigeria	NGA	2013	51.7		174726128
Nigeria	NGA	2014	51.8	5.268	179379024
Nigeria	NGA	2015	51.8	4.875	183995776
Nigeria	NGA	2016	52	5.074	188666928
Nigeria	NGA	2017	52.3	5.1554	193495904
Nigeria	NGA	2018	52.6	5.2646	198387616
Nigeria	NGA	2019	52.9	4.7241	203304496
Nigeria	NGA	2020	52.9	4.7593	208327408
Nigeria	NGA	2021	52.7	4.552	213401328
Niue	NIU	2011	68.9		1833
Niue	NIU	2012	69.3		1833
Niue	NIU	2013	69.6		1846
Niue	NIU	2014	69.9		1858
Niue	NIU	2015	70.1		1871
Niue	NIU	2016	70.3		1883
Niue	NIU	2017	70.5		1891
Niue	NIU	2018	70.6		1907
Niue	NIU	2019	70.7		1943
Niue	NIU	2020	70.8		1963
Niue	NIU	2021	70.8		1957
Norfolk Island	NFK	2015			
North Korea	PRK	2011	71		24783790
North Korea	PRK	2012	71.6		24887770
North Korea	PRK	2013	72.3		25001824
North Korea	PRK	2014	72.9		25126140
North Korea	PRK	2015	72.8		25258012
North Korea	PRK	2016	72.8		25389614
North Korea	PRK	2017	73		25516318
North Korea	PRK	2018	73		25638152
North Korea	PRK	2019	73.2		25755442
North Korea	PRK	2020	73.3		25867474
North Korea	PRK	2021	73.3		25971910
North Macedonia	MKD	2011	75.2	4.369255	2097110
North Macedonia	MKD	2012	75.1		2099486
North Macedonia	MKD	2013	75.9		2102220
North Macedonia	MKD	2014	75.9	5.007	2105293
North Macedonia	MKD	2015	76	5.121	2107965
North Macedonia	MKD	2016	76	5.175	2110194
North Macedonia	MKD	2017	76.5	5.1848	2111982
North Macedonia	MKD	2018	77.3	5.2736	2113497
North Macedonia	MKD	2019	77.3	5.1598	2114175
North Macedonia	MKD	2020	75.2	5.1012	2111078
North Macedonia	MKD	2021	73.8	5.199	2103329
Northern Cyprus	OWID_CYN	2014		5.695	
Northern Cyprus	OWID_CYN	2015		5.771	
Northern Cyprus	OWID_CYN	2016		5.81	
Northern Cyprus	OWID_CYN	2017		5.8348	
Northern Cyprus	OWID_CYN	2018		5.7177	
Northern Cyprus	OWID_CYN	2019		5.5355	
Northern Cyprus	OWID_CYN	2020		5.5355	
Northern Cyprus	OWID_CYN	2021		5.4666	
Northern Mariana Islands	MNP	2011	77.3		52542
Northern Mariana Islands	MNP	2012	77.1		52383
Northern Mariana Islands	MNP	2013	77		52157
Northern Mariana Islands	MNP	2014	76.9		51878
Northern Mariana Islands	MNP	2015	76.8		51538
Northern Mariana Islands	MNP	2016	76.8		51151
Northern Mariana Islands	MNP	2017	76.8		50752
Northern Mariana Islands	MNP	2018	76.8		50328
Northern Mariana Islands	MNP	2019	77.1		49880
Northern Mariana Islands	MNP	2020	77.2		49611
Northern Mariana Islands	MNP	2021	77.2		49503
Norway	NOR	2011	81.2	7.524001	4953565
Norway	NOR	2012	81.4		5019058
Norway	NOR	2013	81.7		5080667
Norway	NOR	2014	82.1	7.522	5137926
Norway	NOR	2015	82.3	7.498	5190357
Norway	NOR	2016	82.4	7.537	5236591
Norway	NOR	2017	82.6	7.5937	5277396
Norway	NOR	2018	82.8	7.5539	5312321
Norway	NOR	2019	83	7.488	5348285
Norway	NOR	2020	83.2	7.3925	5379836
Norway	NOR	2021	83.2	7.3651	5403021
Oman	OMN	2011	76.6		3206883
Oman	OMN	2012	77.1		3535585
Oman	OMN	2013	77.2		3816688
Oman	OMN	2014	77.4	6.853	4009272
Oman	OMN	2015	77.7		4191784
Oman	OMN	2016	77.9		4398080
Oman	OMN	2017	77.9		4541853
Oman	OMN	2018	78		4601160
Oman	OMN	2019	78		4602769
Oman	OMN	2020	74.8		4543406
Oman	OMN	2021	72.5		4520474
Pakistan	PAK	2011	64.6	5.1487	198602736
Pakistan	PAK	2012	64.8		202205856
Pakistan	PAK	2013	65.1		205337552
Pakistan	PAK	2014	65.3	5.194	208251632
Pakistan	PAK	2015	65.7	5.132	210969296
Pakistan	PAK	2016	65.9	5.269	213524848
Pakistan	PAK	2017	66.3	5.4725	216379648
Pakistan	PAK	2018	66.5	5.653	219731488
Pakistan	PAK	2019	66.8	5.6933	223293280
Pakistan	PAK	2020	66.3	4.934	227196736
Pakistan	PAK	2021	66.1	4.5158	231402112
Palau	PLW	2011	65.2		18260
Palau	PLW	2012	64.7		17974
Palau	PLW	2013	64.2		17829
Palau	PLW	2014	63.9		17821
Palau	PLW	2015	63.7		17822
Palau	PLW	2016	63.9		17840
Palau	PLW	2017	64.1		17857
Palau	PLW	2018	64.4		17887
Palau	PLW	2019	64.8		17939
Palau	PLW	2020	65.3		17999
Palau	PLW	2021	66		18050
Palestine	PSE	2011	73.2	4.55501	4087747
Palestine	PSE	2012	73.5		4184161
Palestine	PSE	2013	74		4281800
Palestine	PSE	2014	72.6	4.715	4380473
Palestine	PSE	2015	74.4	4.754	4484615
Palestine	PSE	2016	74.6	4.775	4593855
Palestine	PSE	2017	74.8	4.7433	4700954
Palestine	PSE	2018	74.8	4.6963	4805549
Palestine	PSE	2019	75.2	4.5528	4909775
Palestine	PSE	2020	74.4	4.5167	5019407
Palestine	PSE	2021	73.5	4.4825	5133393
Panama	PAN	2011	76.6	6.862561	3688679
Panama	PAN	2012	76.8		3754871
Panama	PAN	2013	77		3821557
Panama	PAN	2014	77.2	6.786	3888795
Panama	PAN	2015	77.5	6.701	3957102
Panama	PAN	2016	77.7	6.452	4026338
Panama	PAN	2017	77.8	6.43	4096071
Panama	PAN	2018	77.9	6.3213	4165258
Panama	PAN	2019	77.8	6.3048	4232538
Panama	PAN	2020	76.7	6.1796	4294391
Panama	PAN	2021	76.2	6.3091	4351264
Papua New Guinea	PNG	2011	63.5		7806637
Papua New Guinea	PNG	2012	63.7		8026548
Papua New Guinea	PNG	2013	64		8245634
Papua New Guinea	PNG	2014	64.3		8464159
Papua New Guinea	PNG	2015	64.7		8682172
Papua New Guinea	PNG	2016	64.8		8899176
Papua New Guinea	PNG	2017	65.1		9114803
Papua New Guinea	PNG	2018	65.2		9329233
Papua New Guinea	PNG	2019	65.5		9542492
Papua New Guinea	PNG	2020	65.8		9749641
Papua New Guinea	PNG	2021	65.4		9949438
Paraguay	PRY	2011	72.1	5.398257	5843938
Paraguay	PRY	2012	72.5		5923327
Paraguay	PRY	2013	72.8		6005656
Paraguay	PRY	2014	72.9	5.878	6090727
Paraguay	PRY	2015	73.2	5.538	6177954
Paraguay	PRY	2016	73.5	5.493	6266623
Paraguay	PRY	2017	73.6	5.6806	6355406
Paraguay	PRY	2018	73.6	5.7427	6443337
Paraguay	PRY	2019	73.6	5.6921	6530029
Paraguay	PRY	2020	73.2	5.6526	6618700
Paraguay	PRY	2021	70.3	5.5783	6703802
Parma	OWID_PMA	2015			
Peru	PER	2011	74.1	5.25838	29477722
Peru	PER	2012	74.5		29749592
Peru	PER	2013	75		30038810
Peru	PER	2014	75.3	5.824	30353956
Peru	PER	2015	75.6	5.743	30711864
Peru	PER	2016	75.8	5.715	31132776
Peru	PER	2017	75.9	5.6632	31605488
Peru	PER	2018	76	5.6971	32203946
Peru	PER	2019	76.2	5.7968	32824864
Peru	PER	2020	73.7	5.8396	33304768
Peru	PER	2021	72.4	5.5591	33715464
Philippines	PHL	2011	70.8	4.825137	96337912
Philippines	PHL	2012	70.9		98032320
Philippines	PHL	2013	70.8		99700112
Philippines	PHL	2014	71.2	5.073	101325208
Philippines	PHL	2015	71.3	5.279	103031360
Philippines	PHL	2016	71.4	5.43	104875272
Philippines	PHL	2017	71.5	5.5241	106738496
Philippines	PHL	2018	71.7	5.6314	108568832
Philippines	PHL	2019	71.9	6.006	110380800
Philippines	PHL	2020	72.1	5.8802	112190984
Philippines	PHL	2021	69.3	5.9036	113880336
Pitcairn	PCN	2015			
Poland	POL	2011	76.7	5.803043	38620848
Poland	POL	2012	76.7		38625872
Poland	POL	2013	77		38607352
Poland	POL	2014	77.6	5.791	38581880
Poland	POL	2015	77.4	5.835	38553148
Poland	POL	2016	77.8	5.973	38532108
Poland	POL	2017	77.7	6.123	38532816
Poland	POL	2018	77.6	6.1817	38521464
Poland	POL	2019	77.9	6.1863	38493600
Poland	POL	2020	76.9	6.1661	38428368
Poland	POL	2021	76.5	6.1228	38307724
Portugal	PRT	2011	80.5	5.327314	10564820
Portugal	PRT	2012	80.5		10522085
Portugal	PRT	2013	80.8		10464537
Portugal	PRT	2014	81.2	5.102	10408379
Portugal	PRT	2015	81.2	5.123	10365436
Portugal	PRT	2016	81.2	5.195	10332751
Portugal	PRT	2017	81.5	5.4104	10307528
Portugal	PRT	2018	81.4	5.6925	10289833
Portugal	PRT	2019	81.7	5.9109	10289921
Portugal	PRT	2020	81.1	5.929	10298186
Portugal	PRT	2021	81	6.0163	10290109
Puerto Rico	PRI	2011	78.3	6.592634	3691615
Puerto Rico	PRI	2012	78.5		3657989
Puerto Rico	PRI	2013	78.8		3615028
Puerto Rico	PRI	2014	78.9		3560008
Puerto Rico	PRI	2015	79.7	7.039	3497335
Puerto Rico	PRI	2016	80.3		3432745
Puerto Rico	PRI	2017	79.3		3366407
Puerto Rico	PRI	2018	79.8		3319269
Puerto Rico	PRI	2019	79.1		3292888
Puerto Rico	PRI	2020	78		3271570
Puerto Rico	PRI	2021	80.2		3256030
Qatar	QAT	2011	78.9	6.569056	1804175
Qatar	QAT	2012	79.2		1905670
Qatar	QAT	2013	79.5		2035509
Qatar	QAT	2014	79.8	6.611	2214471
Qatar	QAT	2015	80.1	6.375	2414580
Qatar	QAT	2016	80.4	6.375	2595175
Qatar	QAT	2017	80.7	6.3745	2711764
Qatar	QAT	2018	80.9	6.3745	2766743
Qatar	QAT	2019	81		2807242
Qatar	QAT	2020	79.1		2760390
Qatar	QAT	2021	79.3		2688239
Republic of Vietnam	OWID_RVN	2015			
Reunion	REU	2011	80.3		896635
Reunion	REU	2012	80.7		902148
Reunion	REU	2013	80.9		906902
Reunion	REU	2014	81		914797
Reunion	REU	2015	81.2		922501
Reunion	REU	2016	81.5		926628
Reunion	REU	2017	81.7		932745
Reunion	REU	2018	81.8		941189
Reunion	REU	2019	82.1		949423
Reunion	REU	2020	82.1		957829
Reunion	REU	2021	81.6		966132
Romania	ROU	2011	74.4	5.178499	20220286
Romania	ROU	2012	74.4		20137112
Romania	ROU	2013	75		20066550
Romania	ROU	2014	74.9	5.124	19995836
Romania	ROU	2015	74.8	5.528	19906078
Romania	ROU	2016	75.2	5.825	19797820
Romania	ROU	2017	76	5.9452	19698852
Romania	ROU	2018	76.2	6.0697	19606778
Romania	ROU	2019	76.5	6.1237	19524212
Romania	ROU	2020	75.3	6.14	19442040
Romania	ROU	2021	74.2	6.477	19328558
Russia	RUS	2011	70.4	5.284313	143364544
Russia	RUS	2012	70.8		143629360
Russia	RUS	2013	71.3		143956864
Russia	RUS	2014	71.6	5.716	144285072
Russia	RUS	2015	72.1	5.856	144668384
Russia	RUS	2016	72.7	5.963	145109152
Russia	RUS	2017	73.4	5.8097	145452544
Russia	RUS	2018	73.5	5.6479	145652288
Russia	RUS	2019	73.9	5.546	145742288
Russia	RUS	2020	71.3	5.4772	145617328
Russia	RUS	2021	69.4	5.4586	145102752
Rwanda	RWA	2011	63.3	4.203909	10576932
Rwanda	RWA	2012	64		10840331
Rwanda	RWA	2013	64.4		11101352
Rwanda	RWA	2014	64.9	3.465	11368450
Rwanda	RWA	2015	65.3	3.515	11642963
Rwanda	RWA	2016	65.7	3.471	11930902
Rwanda	RWA	2017	65.9	3.4081	12230343
Rwanda	RWA	2018	66.3	3.3338	12531810
Rwanda	RWA	2019	66.4	3.3123	12835029
Rwanda	RWA	2020	66.8	3.4147	13146367
Rwanda	RWA	2021	66.1	3.2682	13461891
Saint Barthelemy	BLM	2011	78.7		9135
Saint Barthelemy	BLM	2012	80		9244
Saint Barthelemy	BLM	2013	79.1		9365
Saint Barthelemy	BLM	2014	79.3		9499
Saint Barthelemy	BLM	2015	79.5		9668
Saint Barthelemy	BLM	2016	79.6		9865
Saint Barthelemy	BLM	2017	78.5		10068
Saint Barthelemy	BLM	2018	79.9		10281
Saint Barthelemy	BLM	2019	80.1		10504
Saint Barthelemy	BLM	2020	80.2		10706
Saint Barthelemy	BLM	2021	80.4		10888
Saint Helena	SHN	2011	76.6		5377
Saint Helena	SHN	2012	76.2		5410
Saint Helena	SHN	2013	76.2		5446
Saint Helena	SHN	2014	75.6		5480
Saint Helena	SHN	2015	75.2		5520
Saint Helena	SHN	2016	75.8		5533
Saint Helena	SHN	2017	76.3		5521
Saint Helena	SHN	2018	76.4		5494
Saint Helena	SHN	2019	76.7		5470
Saint Helena	SHN	2020	76.9		5448
Saint Helena	SHN	2021	76.8		5428
Saint Kitts and Nevis	KNA	2011	71.5		47605
Saint Kitts and Nevis	KNA	2012	71.7		47754
Saint Kitts and Nevis	KNA	2013	71.5		47793
Saint Kitts and Nevis	KNA	2014	71		47816
Saint Kitts and Nevis	KNA	2015	70.8		47814
Saint Kitts and Nevis	KNA	2016	71.7		47814
Saint Kitts and Nevis	KNA	2017	71.8		47811
Saint Kitts and Nevis	KNA	2018	71.5		47787
Saint Kitts and Nevis	KNA	2019	71.6		47739
Saint Kitts and Nevis	KNA	2020	71.6		47666
Saint Kitts and Nevis	KNA	2021	71.7		47631
Saint Lucia	LCA	2011	72.9		172157
Saint Lucia	LCA	2012	72.9		173139
Saint Lucia	LCA	2013	72.7		173992
Saint Lucia	LCA	2014	72.9		174814
Saint Lucia	LCA	2015	73.1		175638
Saint Lucia	LCA	2016	73.1		176429
Saint Lucia	LCA	2017	73.1		177175
Saint Lucia	LCA	2018	73.4		177894
Saint Lucia	LCA	2019	73.4		178594
Saint Lucia	LCA	2020	73.4		179245
Saint Lucia	LCA	2021	71.1		179663
Saint Martin (French part)	MAF	2011	78.8		36370
Saint Martin (French part)	MAF	2012	79		36052
Saint Martin (French part)	MAF	2013	78.9		35664
Saint Martin (French part)	MAF	2014	80		35280
Saint Martin (French part)	MAF	2015	79.3		35042
Saint Martin (French part)	MAF	2016	79.5		34833
Saint Martin (French part)	MAF	2017	78.6		34519
Saint Martin (French part)	MAF	2018	80.6		33879
Saint Martin (French part)	MAF	2019	80		33150
Saint Martin (French part)	MAF	2020	80.1		32577
Saint Martin (French part)	MAF	2021	80.4		31964
Saint Pierre and Miquelon	SPM	2011	76.8		6066
Saint Pierre and Miquelon	SPM	2012	76.8		6048
Saint Pierre and Miquelon	SPM	2013	76.9		6027
Saint Pierre and Miquelon	SPM	2014	76.9		6013
Saint Pierre and Miquelon	SPM	2015	76.8		6001
Saint Pierre and Miquelon	SPM	2016	77.1		5990
Saint Pierre and Miquelon	SPM	2017	77.1		5980
Saint Pierre and Miquelon	SPM	2018	77.1		5969
Saint Pierre and Miquelon	SPM	2019	77.1		5952
Saint Pierre and Miquelon	SPM	2020	77.1		5930
Saint Pierre and Miquelon	SPM	2021	77.2		5905
Saint Vincent and the Grenadines	VCT	2011	74.6		108722
Saint Vincent and the Grenadines	VCT	2012	74.1		108105
Saint Vincent and the Grenadines	VCT	2013	73.8		107469
Saint Vincent and the Grenadines	VCT	2014	74.5		106934
Saint Vincent and the Grenadines	VCT	2015	74.4		106493
Saint Vincent and the Grenadines	VCT	2016	74.3		105971
Saint Vincent and the Grenadines	VCT	2017	74.3		105568
Saint Vincent and the Grenadines	VCT	2018	74.1		105297
Saint Vincent and the Grenadines	VCT	2019	72.8		104940
Saint Vincent and the Grenadines	VCT	2020	72.1		104644
Saint Vincent and the Grenadines	VCT	2021	69.6		104340
Samoa	WSM	2011	72.3		196364
Samoa	WSM	2012	72.2		198131
Samoa	WSM	2013	72.4		199952
Samoa	WSM	2014	72.5		201769
Samoa	WSM	2015	72.5		203586
Samoa	WSM	2016	72.5		205559
Samoa	WSM	2017	72.6		207642
Samoa	WSM	2018	72.6		209715
Samoa	WSM	2019	72.2		211915
Samoa	WSM	2020	72.8		214934
Samoa	WSM	2021	72.8		218781
San Marino	SMR	2011	82.8		32518
San Marino	SMR	2012	82.6		33156
San Marino	SMR	2013	82.4		33307
San Marino	SMR	2014	82.9		33415
San Marino	SMR	2015	82.9		33593
San Marino	SMR	2016	83		33860
San Marino	SMR	2017	82.9		34081
San Marino	SMR	2018	82.9		34179
San Marino	SMR	2019	83		34203
San Marino	SMR	2020	79.6		34038
San Marino	SMR	2021	80.9		33772
Sao Tome and Principe	STP	2011	64.9		186058
Sao Tome and Principe	STP	2012	65.7		189936
Sao Tome and Principe	STP	2013	66.3		193765
Sao Tome and Principe	STP	2014	66.8		197511
Sao Tome and Principe	STP	2015	67.2		201142
Sao Tome and Principe	STP	2016	67.5		204640
Sao Tome and Principe	STP	2017	68.3		208050
Sao Tome and Principe	STP	2018	68.4		211358
Sao Tome and Principe	STP	2019	68.5		214612
Sao Tome and Principe	STP	2020	67.8		218650
Sao Tome and Principe	STP	2021	67.6		223118
Saudi Arabia	SAU	2011	76.2	6.597326	30150952
Saudi Arabia	SAU	2012	76.5		30821554
Saudi Arabia	SAU	2013	76.6		31482502
Saudi Arabia	SAU	2014	76.8	6.411	32125570
Saudi Arabia	SAU	2015	76.9	6.379	32749838
Saudi Arabia	SAU	2016	77.1	6.344	33416272
Saudi Arabia	SAU	2017	77.2	6.3709	34193120
Saudi Arabia	SAU	2018	77.2	6.3747	35018132
Saudi Arabia	SAU	2019	77.3	6.4065	35827364
Saudi Arabia	SAU	2020	76.2	6.494	35997108
Saudi Arabia	SAU	2021	76.9	6.5228	35950396
Saxony	OWID_SAX	2015			
Senegal	SEN	2011	65.3	4.414183	12875878
Senegal	SEN	2012	65.5		13231840
Senegal	SEN	2013	66.1		13595571
Senegal	SEN	2014	66.5	3.904	13970314
Senegal	SEN	2015	66.9	4.219	14356191
Senegal	SEN	2016	67.5	4.535	14751356
Senegal	SEN	2017	67.8	4.6311	15157793
Senegal	SEN	2018	68.1	4.6811	15574910
Senegal	SEN	2019	68.5	4.9808	16000783
Senegal	SEN	2020	68	5.1318	16436120
Senegal	SEN	2021	67.1	5.0461	16876726
Serbia	SRB	2011	74.8	4.564279	7620925
Serbia	SRB	2012	75.1		7591357
Serbia	SRB	2013	75.6		7566674
Serbia	SRB	2014	75.7	5.123	7543965
Serbia	SRB	2015	75.8	5.177	7519501
Serbia	SRB	2016	76.3	5.395	7493288
Serbia	SRB	2017	76.2	5.3982	7464882
Serbia	SRB	2018	76.5	5.603	7433825
Serbia	SRB	2019	76.7	5.7782	7401056
Serbia	SRB	2020	75.4	6.0779	7358010
Serbia	SRB	2021	74.2	6.178	7296771
Serbia and Montenegro	OWID_SRM	2015			
Serbia excluding Kosovo	OWID_SEK	2015			
Seychelles	SYC	2011	73.8		93842
Seychelles	SYC	2012	73.6		95319
Seychelles	SYC	2013	73.8		96730
Seychelles	SYC	2014	73.7		98016
Seychelles	SYC	2015	73.7		99260
Seychelles	SYC	2016	73.6		100521
Seychelles	SYC	2017	73.8		101828
Seychelles	SYC	2018	74		103120
Seychelles	SYC	2019	74.2		104386
Seychelles	SYC	2020	73.5		105545
Seychelles	SYC	2021	71.3		106486
Sierra Leone	SLE	2011	54.6	3.585802	6612390
Sierra Leone	SLE	2012	55.5		6788594
Sierra Leone	SLE	2013	56.3		6964867
Sierra Leone	SLE	2014	56.4	4.507	7140700
Sierra Leone	SLE	2015	57.2	4.635	7314779
Sierra Leone	SLE	2016	58.4	4.709	7493918
Sierra Leone	SLE	2017	58.7	4.5706	7677570
Sierra Leone	SLE	2018	59.8	4.3742	7861287
Sierra Leone	SLE	2019	60.3	3.9264	8046830
Sierra Leone	SLE	2020	59.8	3.8494	8233973
Sierra Leone	SLE	2021	60.1	3.574	8420642
Singapore	SGP	2011	82	6.549302	5281351
Singapore	SGP	2012	82.2		5381003
Singapore	SGP	2013	82.5		5478063
Singapore	SGP	2014	82.7	6.798	5570505
Singapore	SGP	2015	82.8	6.739	5650020
Singapore	SGP	2016	83	6.572	5711936
Singapore	SGP	2017	83.2	6.3432	5764489
Singapore	SGP	2018	83.5	6.262	5814543
Singapore	SGP	2019	83.8	6.3771	5866408
Singapore	SGP	2020	82.9	6.3765	5909874
Singapore	SGP	2021	82.8	6.4802	5941063
Sint Maarten (Dutch part)	SXM	2011	74.7		33336
Sint Maarten (Dutch part)	SXM	2012	74.6		35166
Sint Maarten (Dutch part)	SXM	2013	74.9		37722
Sint Maarten (Dutch part)	SXM	2014	76.8		39124
Sint Maarten (Dutch part)	SXM	2015	77		40228
Sint Maarten (Dutch part)	SXM	2016	76.6		41365
Sint Maarten (Dutch part)	SXM	2017	75		41901
Sint Maarten (Dutch part)	SXM	2018	75.1		42268
Sint Maarten (Dutch part)	SXM	2019	75.4		43002
Sint Maarten (Dutch part)	SXM	2020	74.6		43638
Sint Maarten (Dutch part)	SXM	2021	74		44061
Slovakia	SVK	2011	76	5.656836	5402686
Slovakia	SVK	2012	76.2		5409283
Slovakia	SVK	2013	76.5		5414744
Slovakia	SVK	2014	76.8	5.995	5419572
Slovakia	SVK	2015	76.6	6.078	5424449
Slovakia	SVK	2016	77.2	6.098	5431205
Slovakia	SVK	2017	77.2	6.1734	5439418
Slovakia	SVK	2018	77.3	6.1976	5446746
Slovakia	SVK	2019	77.7	6.2806	5453932
Slovakia	SVK	2020	77	6.3309	5456681
Slovakia	SVK	2021	74.9	6.3907	5447621
Slovenia	SVN	2011	80	5.922324	2065457
Slovenia	SVN	2012	80.1		2069365
Slovenia	SVN	2013	80.3		2072374
Slovenia	SVN	2014	80.9	5.848	2074923
Slovenia	SVN	2015	80.8	5.768	2080865
Slovenia	SVN	2016	81.2	5.758	2090020
Slovenia	SVN	2017	81.1	5.9476	2098396
Slovenia	SVN	2018	81.4	6.1177	2105931
Slovenia	SVN	2019	81.6	6.3634	2112905
Slovenia	SVN	2020	80.4	6.4607	2117648
Slovenia	SVN	2021	80.7	6.6301	2119408
Solomon Islands	SLB	2011	68.9		553727
Solomon Islands	SLB	2012	69.1		567771
Solomon Islands	SLB	2013	69.2		582369
Solomon Islands	SLB	2014	69.2		597386
Solomon Islands	SLB	2015	69.6		612670
Solomon Islands	SLB	2016	69.8		628110
Solomon Islands	SLB	2017	70		643641
Solomon Islands	SLB	2018	70.2		659259
Solomon Islands	SLB	2019	70.4		675000
Solomon Islands	SLB	2020	70.2		691198
Solomon Islands	SLB	2021	70.3		707855
Somalia	SOM	2011	51.3		12216842
Somalia	SOM	2012	53.2		12440332
Somalia	SOM	2013	53.8		12852491
Somalia	SOM	2014	54.3		13309236
Somalia	SOM	2015	54.9	5.44	13763909
Somalia	SOM	2016	55	5.151	14292848
Somalia	SOM	2017	55.7	4.9815	14864224
Somalia	SOM	2018	56.4	4.6679	15411101
Somalia	SOM	2019	57.1		15981312
Somalia	SOM	2020	56		16537018
Somalia	SOM	2021	55.3		17065588
Somaliland	OWID_SML	2011		4.690952	
Somaliland	OWID_SML	2014		5.057	
Somaliland	OWID_SML	2015		5.057	
South Africa	ZAF	2011	60.7	5.10052	52443320
South Africa	ZAF	2012	61.8		53145036
South Africa	ZAF	2013	62.5		53873608
South Africa	ZAF	2014	63.4	4.642	54729556
South Africa	ZAF	2015	63.9	4.459	55876504
South Africa	ZAF	2016	64.7	4.829	56422272
South Africa	ZAF	2017	65.4	4.724	56641208
South Africa	ZAF	2018	65.7	4.7222	57339632
South Africa	ZAF	2019	66.2	4.8141	58087060
South Africa	ZAF	2020	65.3	4.9564	58801928
South Africa	ZAF	2021	62.3	5.1939	59392256
South Georgia and the South Sandwich Islands	SGS	2015			
South Korea	KOR	2011	81.2	5.643442	49169880
South Korea	KOR	2012	81.3		49634188
South Korea	KOR	2013	81.9		50098228
South Korea	KOR	2014	82.4	5.984	50558044
South Korea	KOR	2015	82.6	5.835	50994396
South Korea	KOR	2016	82.9	5.838	51309984
South Korea	KOR	2017	83.3	5.8749	51511640
South Korea	KOR	2018	83.3	5.8947	51676900
South Korea	KOR	2019	83.7	5.8724	51803832
South Korea	KOR	2020	83.6	5.8455	51844688
South Korea	KOR	2021	83.7	5.9351	51830136
South Ossetia	OWID_SOS	2015			
South Sudan	SSD	2011	54.9		10243057
South Sudan	SSD	2012	55.9		10701605
South Sudan	SSD	2013	55.8		11106037
South Sudan	SSD	2014	55		11213286
South Sudan	SSD	2015	55.6	3.832	11194300
South Sudan	SSD	2016	55.5	3.591	11066116
South Sudan	SSD	2017	55.3	3.2542	10658230
South Sudan	SSD	2018	55.9	2.8526	10395332
South Sudan	SSD	2019	55.9	2.8166	10447677
South Sudan	SSD	2020	55.5		10606224
South Sudan	SSD	2021	55		10748278
Spain	ESP	2011	82.2	6.761248	46729232
Spain	ESP	2012	82.2		46756084
Spain	ESP	2013	82.7		46603460
Spain	ESP	2014	82.9	6.329	46464548
Spain	ESP	2015	82.6	6.361	46431344
Spain	ESP	2016	83	6.403	46473320
Spain	ESP	2017	83	6.3099	46584168
Spain	ESP	2018	83.1	6.3541	46792044
Spain	ESP	2019	83.5	6.4009	47131372
Spain	ESP	2020	82.3	6.4907	47363808
Spain	ESP	2021	83	6.4763	47486932
Sri Lanka	LKA	2011	73.4	4.25961	20859746
Sri Lanka	LKA	2012	73.9		21017150
Sri Lanka	LKA	2013	74.2		21131762
Sri Lanka	LKA	2014	74.7	4.271	21239448
Sri Lanka	LKA	2015	74.9	4.415	21336692
Sri Lanka	LKA	2016	75.3	4.44	21425494
Sri Lanka	LKA	2017	75.4	4.4706	21506816
Sri Lanka	LKA	2018	75.7	4.3659	21580712
Sri Lanka	LKA	2019	76	4.327	21649664
Sri Lanka	LKA	2020	76.4	4.325	21715076
Sri Lanka	LKA	2021	76.4	4.3622	21773438
Sudan	SDN	2011	63.2	4.424363	34419628
Sudan	SDN	2012	63.8		35159792
Sudan	SDN	2013	63.7		35990708
Sudan	SDN	2014	64.3	4.55	37003248
Sudan	SDN	2015	64.7	4.139	38171172
Sudan	SDN	2016	64.8	4.139	39377168
Sudan	SDN	2017	65.4	4.1387	40679820
Sudan	SDN	2018	65.7		41999064
Sudan	SDN	2019	65.9		43232092
Sudan	SDN	2020	65.6		44440484
Sudan	SDN	2021	65.3		45657204
Suriname	SUR	2011	69.9		552154
Suriname	SUR	2012	69.8		558111
Suriname	SUR	2013	69.7		563952
Suriname	SUR	2014	69.8	6.269	569687
Suriname	SUR	2015	70.8	6.269	575478
Suriname	SUR	2016	71.6		581462
Suriname	SUR	2017	72.4		587566
Suriname	SUR	2018	72.6		593729
Suriname	SUR	2019	72.2		600305
Suriname	SUR	2020	72.6		607068
Suriname	SUR	2021	70.3		612989
Svalbard and Jan Mayen	SJM	2011			2400
Svalbard and Jan Mayen	SJM	2012			2400
Svalbard and Jan Mayen	SJM	2013			2400
Svalbard and Jan Mayen	SJM	2014			2400
Svalbard and Jan Mayen	SJM	2015			2400
Svalbard and Jan Mayen	SJM	2016			2400
Svalbard and Jan Mayen	SJM	2017			2400
Sweden	SWE	2011	81.8	7.379463	9467384
Sweden	SWE	2012	81.7		9555984
Sweden	SWE	2013	81.9		9648935
Sweden	SWE	2014	82.2	7.364	9747507
Sweden	SWE	2015	82.2	7.291	9849344
Sweden	SWE	2016	82.3	7.284	9953322
Sweden	SWE	2017	82.4	7.3145	10058191
Sweden	SWE	2018	82.5	7.3433	10162300
Sweden	SWE	2019	83.1	7.3535	10267922
Sweden	SWE	2020	82.4	7.3627	10368968
Sweden	SWE	2021	83	7.3843	10467095
Switzerland	CHE	2011	82.6	7.498953	7910988
Switzerland	CHE	2012	82.6		7995738
Switzerland	CHE	2013	82.7		8088370
Switzerland	CHE	2014	83.1	7.587	8187792
Switzerland	CHE	2015	82.8	7.509	8281735
Switzerland	CHE	2016	83.4	7.494	8372902
Switzerland	CHE	2017	83.4	7.4873	8451688
Switzerland	CHE	2018	83.6	7.4802	8514431
Switzerland	CHE	2019	83.8	7.5599	8575593
Switzerland	CHE	2020	83.1	7.5715	8638609
Switzerland	CHE	2021	84	7.5116	8691409
Syria	SYR	2011	73.3	4.735339	22730734
Syria	SYR	2012	66.8		22605582
Syria	SYR	2013	63.8		21495830
Syria	SYR	2014	63.2	3.006	20072232
Syria	SYR	2015	65.1	3.069	19205178
Syria	SYR	2016	66	3.462	18964252
Syria	SYR	2017	68.5	3.4619	18983370
Syria	SYR	2018	70.1	3.4619	19333464
Syria	SYR	2019	71.8		20098252
Syria	SYR	2020	72.1		20772602
Syria	SYR	2021	72.1		21324366
Taiwan	TWN	2011	79	5.987677	23143076
Taiwan	TWN	2012	79.3		23234064
Taiwan	TWN	2013	79.7		23330332
Taiwan	TWN	2014	79.6	6.298	23422504
Taiwan	TWN	2015	79.9	6.379	23512136
Taiwan	TWN	2016	79.8	6.422	23594476
Taiwan	TWN	2017	80.1	6.4406	23665028
Taiwan	TWN	2018	80.5	6.4462	23726186
Taiwan	TWN	2019	80.7	6.4554	23777742
Taiwan	TWN	2020	80.9	6.5844	23821468
Taiwan	TWN	2021	81	6.5125	23859904
Tajikistan	TJK	2011	68.1	4.613789	7784820
Tajikistan	TJK	2012	68.5		7956383
Tajikistan	TJK	2013	68.9		8136612
Tajikistan	TJK	2014	69.1	4.786	8326354
Tajikistan	TJK	2015	69.3	4.996	8524066
Tajikistan	TJK	2016	69.5	5.041	8725326
Tajikistan	TJK	2017	69.9	5.3525	8925529
Tajikistan	TJK	2018	70.4	5.4673	9128131
Tajikistan	TJK	2019	70.9	5.5557	9337008
Tajikistan	TJK	2020	68	5.4662	9543211
Tajikistan	TJK	2021	71.6	5.3771	9750078
Tanzania	TZA	2011	61	3.800163	46416032
Tanzania	TZA	2012	62		47786136
Tanzania	TZA	2013	63		49253648
Tanzania	TZA	2014	63.9	3.781	50814552
Tanzania	TZA	2015	64.7	3.666	52542824
Tanzania	TZA	2016	65.4	3.349	54401804
Tanzania	TZA	2017	66	3.3035	56267040
Tanzania	TZA	2018	66.5	3.2307	58090444
Tanzania	TZA	2019	67	3.4762	59872584
Tanzania	TZA	2020	66.4	3.6232	61704520
Tanzania	TZA	2021	66.2	3.7024	63588332
Thailand	THA	2011	76.4	5.80368	68712848
Thailand	THA	2012	76.8		69157024
Thailand	THA	2013	77.1		69578600
Thailand	THA	2014	77.4	6.455	69960944
Thailand	THA	2015	77.7	6.474	70294408
Thailand	THA	2016	78	6.424	70607032
Thailand	THA	2017	78.4	6.0723	70898208
Thailand	THA	2018	78.7	6.008	71127808
Thailand	THA	2019	79	5.9988	71307768
Thailand	THA	2020	79.3	5.9847	71475664
Thailand	THA	2021	78.7	5.8912	71601104
Togo	TGO	2011	57.9	3.007487	6748675
Togo	TGO	2012	58.1		6926634
Togo	TGO	2013	58.7		7106238
Togo	TGO	2014	58.9	2.839	7288381
Togo	TGO	2015	59.4	3.303	7473232
Togo	TGO	2016	59.6	3.495	7661361
Togo	TGO	2017	60.2	3.9985	7852799
Togo	TGO	2018	60.2	4.0849	8046680
Togo	TGO	2019	60.9	4.1872	8243093
Togo	TGO	2020	61	4.1068	8442583
Togo	TGO	2021	61.6	4.1123	8644829
Tokelau	TKL	2011	74.1		1406
Tokelau	TKL	2012	74.2		1462
Tokelau	TKL	2013	74.4		1522
Tokelau	TKL	2014	74.6		1517
Tokelau	TKL	2015	74.7		1480
Tokelau	TKL	2016	74.8		1447
Tokelau	TKL	2017	74.9		1512
Tokelau	TKL	2018	75		1645
Tokelau	TKL	2019	75.1		1775
Tokelau	TKL	2020	75.2		1845
Tokelau	TKL	2021	75.2		1869
Tonga	TON	2011	70.4		107625
Tonga	TON	2012	70.4		107517
Tonga	TON	2013	70.5		107105
Tonga	TON	2014	70.5		106639
Tonga	TON	2015	70.6		106140
Tonga	TON	2016	70.7		105721
Tonga	TON	2017	70.7		105430
Tonga	TON	2018	70.8		105167
Tonga	TON	2019	70.9		104965
Tonga	TON	2020	70.9		105265
Tonga	TON	2021	71		106034
Transnistria	OWID_TRS	2015			
Trinidad and Tobago	TTO	2011	73.3	6.262625	1420021
Trinidad and Tobago	TTO	2012	73.7		1430379
Trinidad and Tobago	TTO	2013	74		1440731
Trinidad and Tobago	TTO	2014	74.2	6.168	1450663
Trinidad and Tobago	TTO	2015	74.5	6.168	1460180
Trinidad and Tobago	TTO	2016	74.3	6.168	1469334
Trinidad and Tobago	TTO	2017	74.2	6.1919	1478616
Trinidad and Tobago	TTO	2018	73.8	6.1919	1504707
Trinidad and Tobago	TTO	2019	74.2	6.1919	1519960
Trinidad and Tobago	TTO	2020	74.4		1518142
Trinidad and Tobago	TTO	2021	73		1525671
Tunisia	TUN	2011	75.5	5.140657	11032529
Tunisia	TUN	2012	75.5		11174384
Tunisia	TUN	2013	75.7		11300284
Tunisia	TUN	2014	75.6	4.739	11428953
Tunisia	TUN	2015	75.7	5.045	11557779
Tunisia	TUN	2016	75.8	4.805	11685666
Tunisia	TUN	2017	75.8	4.5924	11811441
Tunisia	TUN	2018	76	4.4606	11933040
Tunisia	TUN	2019	76	4.3922	12049319
Tunisia	TUN	2020	75.3	4.5965	12161720
Tunisia	TUN	2021	73.8	4.516	12262949
Turkey	TUR	2011	74.9	5.233999	74173856
Turkey	TUR	2012	75.7		75277440
Turkey	TUR	2013	76.3		76576120
Turkey	TUR	2014	76.6	5.332	78112064
Turkey	TUR	2015	76.6	5.389	79646176
Turkey	TUR	2016	76.7	5.5	81019400
Turkey	TUR	2017	77.1	5.4825	82089824
Turkey	TUR	2018	77.6	5.3726	82809304
Turkey	TUR	2019	77.8	5.1318	83481688
Turkey	TUR	2020	75.8	4.9476	84135432
Turkey	TUR	2021	76	4.7442	84775408
Turkmenistan	TKM	2011	68.6	6.567713	5360813
Turkmenistan	TKM	2012	68.7		5458688
Turkmenistan	TKM	2013	68.7		5560099
Turkmenistan	TKM	2014	68.6	5.548	5663159
Turkmenistan	TKM	2015	68.8	5.658	5766427
Turkmenistan	TKM	2016	68.8	5.822	5868568
Turkmenistan	TKM	2017	68.9	5.6362	5968388
Turkmenistan	TKM	2018	68.8	5.2467	6065072
Turkmenistan	TKM	2019	69	5.1191	6158424
Turkmenistan	TKM	2020	68.7	5.0664	6250442
Turkmenistan	TKM	2021	69.3	5.4743	6341850
Turks and Caicos Islands	TCA	2011	76.2		30840
Turks and Caicos Islands	TCA	2012	77		32105
Turks and Caicos Islands	TCA	2013	77		33620
Turks and Caicos Islands	TCA	2014	77.1		35014
Turks and Caicos Islands	TCA	2015	76.9		36556
Turks and Caicos Islands	TCA	2016	76.9		38267
Turks and Caicos Islands	TCA	2017	76.7		39865
Turks and Caicos Islands	TCA	2018	76.4		41516
Turks and Caicos Islands	TCA	2019	75.3		43104
Turks and Caicos Islands	TCA	2020	75		44297
Turks and Caicos Islands	TCA	2021	74.6		45141
Tuscany	OWID_TUS	2015			
Tuvalu	TUV	2011	64		10719
Tuvalu	TUV	2012	64		10876
Tuvalu	TUV	2013	64		10942
Tuvalu	TUV	2014	64		10922
Tuvalu	TUV	2015	64.1		10896
Tuvalu	TUV	2016	64.1		10876
Tuvalu	TUV	2017	64.1		10850
Tuvalu	TUV	2018	64.2		10883
Tuvalu	TUV	2019	64.3		10983
Tuvalu	TUV	2020	64.4		11090
Tuvalu	TUV	2021	64.5		11229
Two Sicilies	OWID_SIC	2015			
USSR	OWID_USS	2015			
Uganda	UGA	2011	58	4.313321	33295738
Uganda	UGA	2012	58.8		34273296
Uganda	UGA	2013	59.8		35273568
Uganda	UGA	2014	60.4	3.931	36336544
Uganda	UGA	2015	61.1	3.739	37477356
Uganda	UGA	2016	61.6	4.081	38748308
Uganda	UGA	2017	62.1	4.1608	40127096
Uganda	UGA	2018	62.7	4.1894	41515400
Uganda	UGA	2019	63	4.432	42949076
Uganda	UGA	2020	62.9	4.6365	44404608
Uganda	UGA	2021	62.7	4.6026	45853780
Ukraine	UKR	2011	71.4	5.089082	45516136
Ukraine	UKR	2012	71.6		45406228
Ukraine	UKR	2013	71.9		45307104
Ukraine	UKR	2014	72.6	4.681	45148072
Ukraine	UKR	2015	73.5	4.324	44982568
Ukraine	UKR	2016	74.3	4.096	44833568
Ukraine	UKR	2017	74.7	4.1029	44657260
Ukraine	UKR	2018	74.4	4.3322	44446952
Ukraine	UKR	2019	74.5	4.5607	44211100
Ukraine	UKR	2020	72.6	4.8748	43909664
Ukraine	UKR	2021	71.6	5.0841	43531424
United Arab Emirates	ARE	2011	78.5	6.977243	8575210
United Arab Emirates	ARE	2012	78.7		8664976
United Arab Emirates	ARE	2013	78.9		8751853
United Arab Emirates	ARE	2014	79	6.901	8835957
United Arab Emirates	ARE	2015	79.2	6.573	8916909
United Arab Emirates	ARE	2016	79.3	6.648	8994266
United Arab Emirates	ARE	2017	79.5	6.7741	9068297
United Arab Emirates	ARE	2018	79.6	6.8245	9140172
United Arab Emirates	ARE	2019	79.7	6.7908	9211660
United Arab Emirates	ARE	2020	78.9	6.5605	9287286
United Arab Emirates	ARE	2021	78.7	6.576	9365149
United Kingdom	GBR	2011	80.8	6.936396	63286360
United Kingdom	GBR	2012	80.9		63808728
United Kingdom	GBR	2013	80.9		64302296
United Kingdom	GBR	2014	81.2	6.867	64773504
United Kingdom	GBR	2015	80.9	6.725	65224368
United Kingdom	GBR	2016	81.1	6.714	65655204
United Kingdom	GBR	2017	81.2	6.8143	66064808
United Kingdom	GBR	2018	81.1	7.0537	66432996
United Kingdom	GBR	2019	81.7	7.1645	66778660
United Kingdom	GBR	2020	80.4	7.0636	67059472
United Kingdom	GBR	2021	80.7	6.9425	67281040
United States	USA	2011	78.8	7.270243	313876608
United States	USA	2012	78.9		316651328
United States	USA	2013	79		319375168
United States	USA	2014	79	7.119	322033952
United States	USA	2015	78.9	7.104	324607776
United States	USA	2016	78.8	6.993	327210208
United States	USA	2017	78.8	6.886	329791232
United States	USA	2018	79	6.8923	332140032
United States	USA	2019	79.1	6.9396	334319680
United States	USA	2020	77.4	6.9515	335942016
United States	USA	2021	77.2	6.9768	336997632
United States Minor Outlying Islands	UMI	2015			
United States Virgin Islands	VIR	2011	73.7		105491
United States Virgin Islands	VIR	2012	73.7		104780
United States Virgin Islands	VIR	2013	73.8		104070
United States Virgin Islands	VIR	2014	73.9		103393
United States Virgin Islands	VIR	2015	74.7		102808
United States Virgin Islands	VIR	2016	75		102330
United States Virgin Islands	VIR	2017	74.8		101860
United States Virgin Islands	VIR	2018	75		101377
United States Virgin Islands	VIR	2019	75.1		100837
United States Virgin Islands	VIR	2020	74.9		100452
United States Virgin Islands	VIR	2021	74.7		100100
Uruguay	URY	2011	77	5.898252	3361631
Uruguay	URY	2012	77.1		3371134
Uruguay	URY	2013	77.2		3381187
Uruguay	URY	2014	77.4	6.485	3391660
Uruguay	URY	2015	77.5	6.545	3402820
Uruguay	URY	2016	77.6	6.454	3413768
Uruguay	URY	2017	77.6	6.3788	3422205
Uruguay	URY	2018	77.6	6.2933	3427044
Uruguay	URY	2019	77.5	6.4401	3428412
Uruguay	URY	2020	78.4	6.4314	3429087
Uruguay	URY	2021	75.4	6.4736	3426265
Uzbekistan	UZB	2011	69.6	5.224832	29057456
Uzbekistan	UZB	2012	69.9		29503058
Uzbekistan	UZB	2013	70		29963220
Uzbekistan	UZB	2014	70.2	6.003	30446542
Uzbekistan	UZB	2015	70.5	5.987	30949416
Uzbekistan	UZB	2016	70.8	5.971	31453576
Uzbekistan	UZB	2017	71	6.0961	31945680
Uzbekistan	UZB	2018	71.1	6.1741	32449578
Uzbekistan	UZB	2019	71.3	6.2576	32976946
Uzbekistan	UZB	2020	70.3	6.1788	33526662
Uzbekistan	UZB	2021	70.9	6.0627	34081452
Vanuatu	VUT	2011	69.6		251309
Vanuatu	VUT	2012	69.5		257329
Vanuatu	VUT	2013	69.5		263547
Vanuatu	VUT	2014	69.5		269942
Vanuatu	VUT	2015	69.5		276450
Vanuatu	VUT	2016	69.6		283239
Vanuatu	VUT	2017	69.7		290250
Vanuatu	VUT	2018	69.8		297307
Vanuatu	VUT	2019	69.9		304414
Vanuatu	VUT	2020	70.3		311694
Vanuatu	VUT	2021	70.4		319146
Vatican	VAT	2011	81.7		
Vatican	VAT	2012	82		
Vatican	VAT	2013	82.4		
Vatican	VAT	2014	82.6		
Vatican	VAT	2015	82.4		
Vatican	VAT	2016	82.9		
Vatican	VAT	2017	82.7		
Vatican	VAT	2018	83.3		
Vatican	VAT	2019	83.6		
Vatican	VAT	2020	83		
Vatican	VAT	2021	82.3		
Venezuela	VEN	2011	72.9	6.922258	29096158
Venezuela	VEN	2012	73		29470428
Venezuela	VEN	2013	73.2		29838022
Venezuela	VEN	2014	72.9	6.81	30193260
Venezuela	VEN	2015	73	6.084	30529722
Venezuela	VEN	2016	72.1	5.25	30741464
Venezuela	VEN	2017	71.9	4.8056	30563430
Venezuela	VEN	2018	72	4.7066	29825652
Venezuela	VEN	2019	72.2	5.0532	28971686
Venezuela	VEN	2020	71.1	4.8922	28490458
Venezuela	VEN	2021	70.6	4.9255	28199862
Vietnam	VNM	2011	73.7	5.425293	88349104
Vietnam	VNM	2012	73.7		89301328
Vietnam	VNM	2013	73.8		90267736
Vietnam	VNM	2014	73.9	5.36	91235504
Vietnam	VNM	2015	73.9	5.061	92191400
Vietnam	VNM	2016	73.9	5.074	93126528
Vietnam	VNM	2017	74	5.1032	94033048
Vietnam	VNM	2018	74	5.1753	94914328
Vietnam	VNM	2019	74.1	5.3535	95776712
Vietnam	VNM	2020	75.4	5.4108	96648680
Vietnam	VNM	2021	73.6	5.485	97468024
Wallis and Futuna	WLF	2011	77.6		12926
Wallis and Futuna	WLF	2012	77.5		12696
Wallis and Futuna	WLF	2013	76.8		12496
Wallis and Futuna	WLF	2014	77.6		12335
Wallis and Futuna	WLF	2015	78		12208
Wallis and Futuna	WLF	2016	78.3		12086
Wallis and Futuna	WLF	2017	77.5		11961
Wallis and Futuna	WLF	2018	77.9		11840
Wallis and Futuna	WLF	2019	79.6		11735
Wallis and Futuna	WLF	2020	78.8		11679
Wallis and Futuna	WLF	2021	78.4		11654
West Germany	OWID_GFR	2015			
Western Sahara	ESH	2011	67.9		429296
Western Sahara	ESH	2012	68.3		445952
Western Sahara	ESH	2013	68.7		462761
Western Sahara	ESH	2014	69		478023
Western Sahara	ESH	2015	69.3		491837
Western Sahara	ESH	2016	69.6		505461
Western Sahara	ESH	2017	69.9		518867
Western Sahara	ESH	2018	70.1		532011
Western Sahara	ESH	2019	70.3		544883
Western Sahara	ESH	2020	70.5		556060
Western Sahara	ESH	2021	70.8		565590
World	OWID_WRL	2011	70.5		7073125376
World	OWID_WRL	2012	70.9		7161697792
World	OWID_WRL	2013	71.2		7250593280
World	OWID_WRL	2014	71.6		7339013632
World	OWID_WRL	2015	71.8		7426597376
World	OWID_WRL	2016	72.1		7513474048
World	OWID_WRL	2017	72.3		7599822336
World	OWID_WRL	2018	72.6		7683789824
World	OWID_WRL	2019	72.8		7764951040
World	OWID_WRL	2020	72		7840952832
World	OWID_WRL	2021	71		7909295104
Wuerttemburg	OWID_WRT	2015			
Yemen	YEM	2011	67.4	4.453632	25475608
Yemen	YEM	2012	67.3		26223390
Yemen	YEM	2013	67.5		26984008
Yemen	YEM	2014	67.4	4.077	27753310
Yemen	YEM	2015	65.9	3.724	28516552
Yemen	YEM	2016	66.1	3.593	29274010
Yemen	YEM	2017	66	3.3549	30034386
Yemen	YEM	2018	64.6	3.3798	30790514
Yemen	YEM	2019	65.1	3.5274	31546694
Yemen	YEM	2020	64.7	3.6579	32284044
Yemen	YEM	2021	63.8	4.1969	32981644
Yemen Arab Republic	OWID_YAR	2015			
Yemen People's Republic	OWID_YPR	2015			
Yugoslavia	OWID_YGS	2015			
Zambia	ZMB	2011	57.8	4.704553	14265824
Zambia	ZMB	2012	58.9		14744662
Zambia	ZMB	2013	59.9		15234976
Zambia	ZMB	2014	60.7	5.129	15737796
Zambia	ZMB	2015	61.2	4.795	16248231
Zambia	ZMB	2016	61.8	4.514	16767758
Zambia	ZMB	2017	62.1	4.3771	17298056
Zambia	ZMB	2018	62.3	4.1066	17835898
Zambia	ZMB	2019	62.8	3.7594	18380478
Zambia	ZMB	2020	62.4	4.0734	18927716
Zambia	ZMB	2021	61.2	3.7598	19473132
Zanzibar	OWID_ZAN	2015			
Zimbabwe	ZWE	2011	53.3	3.978434	13025789
Zimbabwe	ZWE	2012	55.6		13265331
Zimbabwe	ZWE	2013	57.5		13555420
Zimbabwe	ZWE	2014	58.8	4.61	13855758
Zimbabwe	ZWE	2015	59.6	4.193	14154937
Zimbabwe	ZWE	2016	60.3	3.875	14452705
Zimbabwe	ZWE	2017	60.7	3.6923	14751101
Zimbabwe	ZWE	2018	61.4	3.6632	15052191
Zimbabwe	ZWE	2019	61.3	3.2992	15354606
Zimbabwe	ZWE	2020	61.1	3.1448	15669663
Zimbabwe	ZWE	2021	59.3	2.9951	15993525
